"ID","ENTITY_NAME__C","EXECUTED_PRODUCT_NAME__C","APPROVE_ACTION_PLAN__C","EXECUTION_TRACKER_PRODUCT__C"
"a0l200000061OOMAA2","0012000000qXNzMAAW","Bajaj Allianz Premium Personal Guard","a31200000001eT6AAI",""
"a0l200000061OOPAA2","0012000000qXNzMAAW","Bajaj Allianz Critical Illness","a31200000001eT3AAI",""
"a0l200000061OORAA2","0012000000qXNzMAAW","DSP Equity Gr","a31200000001eT1AAI",""
"a0l200000061OOSAA2","0012000000qXNzMAAW","DSP Equity Gr","a31200000001eT1AAI",""
"a0l200000061OOTAA2","0012000000qXNzMAAW","ICICI Focused bluechip Eq G","a31200000001eT0AAI",""
"a0l200000061OOUAA2","0012000000qXNzMAAW","ICICI Focused bluechip Eq G","a31200000001eT0AAI",""
"a0l200000061OOVAA2","0012000000qXNzMAAW","IDFC MM TP A","a31200000001eSzAAI",""
"a0l200000061OOXAA2","0012000000qXNzMAAW","BSL Dynamic Gr","a31200000001eSyAAI",""
"a0l200000061OOYAA2","0012000000qXNzMAAW","BSL Dynamic Gr","a31200000001eSyAAI",""
"a0l200000061OOZAA2","0012000000qXNzMAAW","HDFC High Interest ST","a31200000001eSxAAI",""
"a0l200000061OOcAAM","0012000000qXNzMAAW","IDFC Premier Equity Gr","a31200000001eSvAAI",""
"a0l200000061OOdAAM","0012000000qXNzMAAW","IDFC Premier Equity Gr","a31200000001eSvAAI",""
"a0l200000061OOeAAM","0012000000qXNzMAAW","Reliance Gold Savings Gr","a31200000001eSuAAI",""
"a0l200000061OOfAAM","0012000000qXNzMAAW","Reliance Gold Savings Gr","a31200000001eSuAAI",""
"a0l200000061OOhAAM","0012000000qXNzMAAW","IDFC MM treasury A","a31200000001eSrAAI",""
"a0l200000061OOiAAM","0012000000qXNzMAAW","HDFC Hi Short Term","a31200000001eSqAAI",""
"a0l200000061OOjAAM","0012000000qXNzMAAW","BSL Dynamic","a31200000001eSpAAI",""
"a0l200000061OOkAAM","0012000000qXNzMAAW","Pramerica Short Term Income","a31200000001eSoAAI",""
"a0l200000061OOlAAM","0012000000qXNzMAAW","BSL Dynamic","a31200000001eSnAAI",""
"a0l200000061OOmAAM","0012000000qXNzMAAW","Reliance gold Savings","a31200000001eSmAAI",""
"a0l200000061OOnAAM","0012000000qXNzMAAW","ICICI Focused Blue Chip Equity","a31200000001eSlAAI",""
"a0l200000061OOoAAM","0012000000qXNzMAAW","Pramerica Equity","a31200000001eSkAAI",""
"a0l200000061OOpAAM","0012000000qXNzMAAW","DSP Equity","a31200000001eSjAAI",""
"a0l200000061OOrAAM","0012000000qXNzMAAW","Pramerica Short Term Income","a31200000001eShAAI",""
"a0l200000061OOsAAM","0012000000qXNzMAAW","Axis Triple Advantage","a31200000001eSgAAI",""
"a0l200000061OOtAAM","0012000000qXNzMAAW","BSL Frontline Equity","a31200000001eSfAAI",""
"a0l200000061OOuAAM","0012000000qXNzMAAW","Pramerica Equity","a31200000001eSeAAI",""
"a0l200000061OOvAAM","0012000000qXNzMAAW","DSP Equity","a31200000001eSdAAI",""
"a0l200000061OOxAAM","0012000000qXNzMAAW","BSL Dynamic","a31200000001eSbAAI",""
"a0l200000061OOyAAM","0012000000qXNzMAAW","Reliance Gold Savings","a31200000001eSaAAI",""
"a0l200000061OOzAAM","0012000000qXNzMAAW","BSL Frontline Equity","a31200000001eSZAAY",""
"a0l200000061OP0AAM","0012000000qXNzMAAW","DSP Equity","a31200000001eSYAAY",""
"a0l200000061OP1AAM","0012000000qXNzMAAW","Pramerica Equity","a31200000001eSXAAY",""
"a0l200000061OP2AAM","0012000000qXNzMAAW","BSL Dynamic","a31200000001eSWAAY",""
"a0l200000061OP3AAM","0012000000qXNzMAAW","Axis Triple Advantage","a31200000001eSVAAY",""
"a0l200000061OP4AAM","0012000000qXNzMAAW","BSL Frontline Equity","a31200000001eSUAAY",""
"a0l200000061OP5AAM","0012000000qXNzMAAW","Pramerica Equity","a31200000001eSTAAY",""
"a0l200000061OP6AAM","0012000000qXNzMAAW","DSP Equity","a31200000001eSSAAY",""
"a0l200000061OP8AAM","0012000000qXNzMAAW","ICICI Focused Bluechip Equity","a31200000001eSQAAY",""
"a0l200000061PMQAA2","0012000000yF5ZOAA0","IDFC Dynamic","a31200000000VvlAAE",""
"a0l200000061PMRAA2","0012000000yF5ZOAA0","Gold ETF","a31200000000VvmAAE",""
"a0l200000061PMsAAM","0012000000yF5ZOAA0","DSP Money Manager","a31200000000VwDAAU",""
"a0l200000061PMSAA2","0012000000yF5ZOAA0","BSL Frontline Equity","a31200000000VvnAAE",""
"a0l200000061PMTAA2","0012000000yF5ZOAA0","DSP Equity","a31200000000VvoAAE",""
"a0l200000061PMVAA2","0012000000yF5ZOAA0","IDFC Dynamic Bond","a31200000000VvqAAE",""
"a0l200000061PMWAA2","0012000000yF5ZOAA0","Gold ETF","a31200000000VvrAAE",""
"a0l200000061PMXAA2","0012000000yF5ZOAA0","BSL Frontline Equity","a31200000000VvsAAE",""
"a0l200000061PM8AAM","0012000000yF5ZOAA0","IDFC Dynamic Bond","a31200000000VvTAAU",""
"a0l200000061PM9AAM","0012000000yF5ZOAA0","Gold ETF","a31200000000VvUAAU",""
"a0l200000061PMAAA2","0012000000yF5ZOAA0","BSL Frontline Equity","a31200000000VvVAAU",""
"a0l200000061PMCAA2","0012000000yF5ZOAA0","DSP Equity","a31200000000VvXAAU",""
"a0l200000061PMYAA2","0012000000yF5ZOAA0","DSP Equity","a31200000000VvtAAE",""
"a0l200000061PMFAA2","0012000000yF5ZOAA0","Gold ETF","a31200000000VvaAAE",""
"a0l200000061PMGAA2","0012000000yF5ZOAA0","BSL Frontline Equity","a31200000000VvbAAE",""
"a0l200000061PMIAA2","0012000000yF5ZOAA0","DSP Equity","a31200000000VvdAAE",""
"a0l200000061PMLAA2","0012000000yF5ZOAA0","Gold ETF","a31200000000VvgAAE",""
"a0l200000061PMMAA2","0012000000yF5ZOAA0","BSL Frontline Equity","a31200000000VvhAAE",""
"a0l200000061PMOAA2","0012000000yF5ZOAA0","DSP Equity","a31200000000VvjAAE",""
"a0l200000061PMcAAM","0012000000yF5ZOAA0","Gold ETF","a31200000000VvxAAE",""
"a0l200000061PMdAAM","0012000000yF5ZOAA0","BSL Frontline Equity","a31200000000VvyAAE",""
"a0l200000061PMeAAM","0012000000yF5ZOAA0","DSP Equity","a31200000000VvzAAE",""
"a0l200000061PMhAAM","0012000000yF5ZOAA0","BSL Savings","a31200000000Vw2AAE",""
"a0l200000061PMiAAM","0012000000yF5ZOAA0","IDFC MM Treasury A","a31200000000Vw3AAE",""
"a0l200000061PMjAAM","0012000000yF5ZOAA0","IDFC Dynamic Bond","a31200000000Vw4AAE",""
"a0l200000061PMkAAM","0012000000yF5ZOAA0","Gold ETF","a31200000000Vw5AAE",""
"a0l200000061PMlAAM","0012000000yF5ZOAA0","BSL Frontline Equity","a31200000000Vw6AAE",""
"a0l200000061PMmAAM","0012000000yF5ZOAA0","DSP Equity","a31200000000Vw7AAE",""
"a0l200000061PMoAAM","0012000000yF5ZOAA0","IDFC MM Treasury A","a31200000000Vw9AAE",""
"a0l200000061PMpAAM","0012000000yF5ZOAA0","Gold ETF","a31200000000VwAAAU",""
"a0l200000061PMqAAM","0012000000yF5ZOAA0","BSL Savings","a31200000000VwBAAU",""
"a0l200000061PMrAAM","0012000000yF5ZOAA0","IDFC MM Treasury A","a31200000000VwCAAU",""
"a0lw0000008shhEAAQ","0012000000js6ucAAA","IDFC - Premier Equity Fund Reg (G) [Folio:1286737/01]","a31w000000029sWAAQ",""
"a0lw0000008shhFAAQ","0012000000js6ucAAA","IDFC - Premier Equity Fund Reg (G) [Folio:1286737/01]","a31w000000029sWAAQ",""
"a0lw0000008shhOAAQ","0012000000js6ucAAA","Birla SL - DBF Ret (G) [Folio:1015942109]","a31w000000029sdAAA",""
"a0lw0000008shhPAAQ","0012000000js6ucAAA","Birla SL - DBF Ret (G) [Folio:1015942109]","a31w000000029sdAAA",""
"a0lw0000008shhQAAQ","0012000000js6ucAAA","HDFC - Top 200 Fund - (G) [Folio:7947423/40]","a31w000000029seAAA",""
"a0lw0000008shhRAAQ","0012000000js6ucAAA","HDFC - Top 200 Fund - (G) [Folio:7947423/40]","a31w000000029seAAA",""
"a0lw0000008sfcvAAA","0012000000xDOi0AAG","Kotak Select Focus Fund ","a31200000001IxZAAU",""
"a0lw0000008sfcwAAA","0012000000xDOi0AAG","Kotak Select Focus Fund ","a31200000001IxYAAU",""
"a0l200000061BRmAAM","0012000000qAhk3AAC","ICICI Pru Focussed Blue Chip Fund","a31200000000nOWAAY",""
"a0l200000061BRnAAM","0012000000qAhk3AAC","ICICI Pru Focussed Blue Chip Fund","a31200000000nOWAAY",""
"a0l200000061BRoAAM","0012000000qAhk3AAC","ICICI Pru Flexi Income","a31200000000nOVAAY",""
"a0l200000061BRpAAM","0012000000qAhk3AAC","HDFC Tax Saver (D)","a31200000000nOTAAY",""
"a0l200000061BRrAAM","0012000000qAhk3AAC","BSL Dynamic Bond Fund","a31200000000nOQAAY",""
"a0l200000061BRsAAM","0012000000qAhk3AAC","BSL Dynamic Bond Fund","a31200000000nOQAAY",""
"a0l200000061BS4AAM","0012000000qAhk3AAC","IDFC Money Manager","a31200000000nOGAAY",""
"a0l200000061BRtAAM","0012000000qAhk3AAC","DSP Money Manager","a31200000000nOPAAY",""
"a0l200000061BRuAAM","0012000000qAhk3AAC","IDFC Premier Equity","a31200000000nOOAAY",""
"a0l200000061BRwAAM","0012000000qAhk3AAC","DSP Equity","a31200000000nONAAY",""
"a0l200000061BRxAAM","0012000000qAhk3AAC","DSP Equity","a31200000000nONAAY",""
"a0l200000061BRyAAM","0012000000qAhk3AAC","Reliance Money Manager","a31200000000nOLAAY",""
"a0l200000061BRzAAM","0012000000qAhk3AAC","Reliance Gold Savings Fund","a31200000000nOKAAY",""
"a0l200000061BS0AAM","0012000000qAhk3AAC","Reliance Gold Savings Fund","a31200000000nOKAAY",""
"a0l200000061BS1AAM","0012000000qAhk3AAC","HDFC Tax Saver (G)","a31200000000nOJAAY",""
"a0l200000061BS2AAM","0012000000qAhk3AAC","HDFC Tax Saver (D)","a31200000000nOIAAY",""
"a0l200000061BS3AAM","0012000000qAhk3AAC","BSL Savings","a31200000000nOHAAY",""
"a0l200000061BSbAAM","0012000000qAhk3AAC","AXIS Triple Advantage","a31200000000nNiAAI",""
"a0l200000061BShAAM","0012000000qAhk3AAC","AXIS Triple Advantage","a31200000000nNcAAI",""
"a0l200000061BSnAAM","0012000000qAhk3AAC","AXIS Triple Advantage","a31200000000nNWAAY",""
"a0l200000061BStAAM","0012000000qAhk3AAC","AXIS Triple Advantage","a31200000000nNQAAY",""
"a0l200000061BSvAAM","0012000000qOuGrAAK","BSL Savings","a31200000000nOUAAY",""
"a0l200000061BSwAAM","0012000000qOuGrAAK","BSL Savings","a31200000000nOSAAY",""
"a0l200000061BSxAAM","0012000000qOuGrAAK","BSL Savings","a31200000000nOSAAY",""
"a0l200000061BSyAAM","0012000000qOuGrAAK","IDFC Money Manager","a31200000000nOMAAY",""
"a0l200000061BSzAAM","0012000000qOuGrAAK","IDFC Money Manager","a31200000000nOMAAY",""
"a0l200000061BRgAAM","0012000000qAhk3AAC","Max Bupa","a31200000000nOcAAI",""
"a0lw0000008sen2AAA","00120000012CbhUAAS","Axis Triple Advantage","a31w00000001xClAAI",""
"a0lw0000008sen3AAA","00120000012CbhUAAS","Pramerica Short Term Income","a31w00000001xCkAAI",""
"a0lw0000008sen4AAA","00120000012CbhUAAS","Pramerica Short Term Income","a31w00000001xCjAAI",""
"a0lw0000008sen5AAA","00120000012CbhUAAS","Axis Triple Advantage","a31w00000001xCiAAI",""
"a0lw0000008sen6AAA","00120000012CbhUAAS","Pramerica Short Term Income","a31w00000001xChAAI",""
"a0lw0000008sen7AAA","00120000012CbhUAAS","Axis Triple Advantage","a31w00000001xCgAAI",""
"a0lw0000008sen8AAA","00120000012CbhUAAS","BSL Frontline Equity","a31w00000001xCfAAI",""
"a0lw0000008sen9AAA","00120000012CbhUAAS","Reliance equity opportunities fund","a31w00000001xCeAAI",""
"a0lw0000008senAAAQ","00120000012CbhUAAS","Pramerica Equity","a31w00000001xCdAAI",""
"a0lw0000008senBAAQ","00120000012CbhUAAS","Pramerica Short Term Income","a31w00000001xCcAAI",""
"a0lw0000008senCAAQ","00120000012CbhUAAS","Axis Triple Advantage","a31w00000001xCbAAI",""
"a0lw0000008senDAAQ","00120000012CbhUAAS","BSL Frontline Equity","a31w00000001xCaAAI",""
"a0lw0000008senEAAQ","00120000012CbhUAAS","Pramerica Equity","a31w00000001xCZAAY",""
"a0lw0000008senFAAQ","00120000012CbhUAAS","Reliance equity opportunities fund","a31w00000001xCYAAY",""
"a0lw0000008senGAAQ","00120000012CbhUAAS","BSL Dividend Yield Plus","a31w00000001xCXAAY",""
"a0lw0000008seldAAA","00120000012CbhUAAS","Bajaj Allianz Premium Personal Guard","a31w00000001xE6AAI",""
"a0lw0000008selfAAA","00120000012CbhUAAS","Bajaj Allianz Critical Illness","a31w00000001xE4AAI",""
"a0lw0000008seliAAA","00120000012CbhUAAS","HDFC Life Click 2 Protect.","a31w00000001xE1AAI",""
"a0lw0000008selnAAA","00120000012CbhUAAS","Reliance Growth Fund - G","a31w00000001xDxAAI",""
"a0lw0000008seloAAA","00120000012CbhUAAS","HDFC Equity Fund- G","a31w00000001xDwAAI",""
"a0lw0000008seluAAA","00120000012CbhUAAS","IDFC Equity Fund Plan A- G","a31w00000001xDtAAI",""
"a0lw0000008sem0AAA","00120000012CbhUAAS","Pramerica Short Term Income","a31w00000001xDnAAI",""
"a0lw0000008sem1AAA","00120000012CbhUAAS","BSL Dynamic","a31w00000001xDmAAI",""
"a0lw0000008sem2AAA","00120000012CbhUAAS","Axis Triple Advantage","a31w00000001xDlAAI",""
"a0lw0000008sem3AAA","00120000012CbhUAAS","HDFC Equity Fund- G","a31w00000001xDkAAI",""
"a0lw0000008sem4AAA","00120000012CbhUAAS","HDFC Top 200 Fund-G","a31w00000001xDjAAI",""
"a0lw0000008sem5AAA","00120000012CbhUAAS","ICICI Prudential Dynamic Plan - G","a31w00000001xDiAAI",""
"a0lw0000008sem6AAA","00120000012CbhUAAS","Reliance Growth Fund - G","a31w00000001xDhAAI",""
"a0lw0000008sem7AAA","00120000012CbhUAAS","Pramerica Equity","a31w00000001xDgAAI",""
"a0lw0000008sem8AAA","00120000012CbhUAAS","Reliance equity opportunities fund","a31w00000001xDfAAI",""
"a0lw0000008semBAAQ","00120000012CbhUAAS","IDFC Equity Fund Plan A- G","a31w00000001xDcAAI",""
"a0lw0000008semEAAQ","00120000012CbhUAAS","BSL Dividend Yield Plus","a31w00000001xDZAAY",""
"a0lw0000008semFAAQ","00120000012CbhUAAS","Reliance equity opportunities fund","a31w00000001xDYAAY",""
"a0lw0000008semGAAQ","00120000012CbhUAAS","Pramerica Equity","a31w00000001xDXAAY",""
"a0lw0000008semHAAQ","00120000012CbhUAAS","BSL Frontline Equity","a31w00000001xDWAAY",""
"a0lw0000008semIAAQ","00120000012CbhUAAS","Axis Triple Advantage","a31w00000001xDVAAY",""
"a0lw0000008semJAAQ","00120000012CbhUAAS","Pramerica Short Term Income","a31w00000001xDUAAY",""
"a0lw0000008semKAAQ","00120000012CbhUAAS","BSL Dividend Yield Plus","a31w00000001xDTAAY",""
"a0lw0000008semLAAQ","00120000012CbhUAAS","Reliance equity opportunities fund","a31w00000001xDSAAY",""
"a0lw0000008semMAAQ","00120000012CbhUAAS","Pramerica Equity","a31w00000001xDRAAY",""
"a0lw0000008semNAAQ","00120000012CbhUAAS","BSL Frontline Equity","a31w00000001xDQAAY",""
"a0lw0000008semOAAQ","00120000012CbhUAAS","Axis Triple Advantage","a31w00000001xDPAAY",""
"a0lw0000008semPAAQ","00120000012CbhUAAS","Pramerica Short Term Income","a31w00000001xDOAAY",""
"a0lw0000008semQAAQ","00120000012CbhUAAS","IDFC MM Treasury A","a31w00000001xDNAAY",""
"a0lw0000008semRAAQ","00120000012CbhUAAS","Pramerica Short Term Income","a31w00000001xDMAAY",""
"a0lw0000008semSAAQ","00120000012CbhUAAS","BSL Dividend Yield Plus","a31w00000001xDLAAY",""
"a0lw0000008semTAAQ","00120000012CbhUAAS","Reliance equity opportunities fund","a31w00000001xDKAAY",""
"a0lw0000008semUAAQ","00120000012CbhUAAS","Pramerica Equity","a31w00000001xDJAAY",""
"a0lw0000008semVAAQ","00120000012CbhUAAS","BSL Frontline Equity","a31w00000001xDIAAY",""
"a0lw0000008semWAAQ","00120000012CbhUAAS","Axis Triple Advantage","a31w00000001xDHAAY",""
"a0lw0000008semXAAQ","00120000012CbhUAAS","Pramerica Short Term Income","a31w00000001xDGAAY",""
"a0lw0000008semYAAQ","00120000012CbhUAAS","Reliance equity opportunities fund","a31w00000001xDFAAY",""
"a0lw0000008semZAAQ","00120000012CbhUAAS","BSL Frontline Equity","a31w00000001xDEAAY",""
"a0lw0000008semaAAA","00120000012CbhUAAS","Axis Triple Advantage","a31w00000001xDDAAY",""
"a0lw0000008sembAAA","00120000012CbhUAAS","Pramerica Short Term Income","a31w00000001xDCAAY",""
"a0lw0000008semcAAA","00120000012CbhUAAS","Pramerica Equity","a31w00000001xDBAAY",""
"a0lw0000008semdAAA","00120000012CbhUAAS","Reliance equity opportunities fund","a31w00000001xDAAAY",""
"a0lw0000008semeAAA","00120000012CbhUAAS","BSL Frontline Equity","a31w00000001xD9AAI",""
"a0lw0000008semfAAA","00120000012CbhUAAS","Axis Triple Advantage","a31w00000001xD8AAI",""
"a0lw0000008semhAAA","00120000012CbhUAAS","Reliance equity opportunities fund","a31w00000001xD6AAI",""
"a0lw0000008semiAAA","00120000012CbhUAAS","BSL Frontline Equity","a31w00000001xD5AAI",""
"a0lw0000008semjAAA","00120000012CbhUAAS","Axis Triple Advantage","a31w00000001xD4AAI",""
"a0lw0000008semkAAA","00120000012CbhUAAS","Pramerica Short Term Income","a31w00000001xD3AAI",""
"a0lw0000008semlAAA","00120000012CbhUAAS","Reliance equity opportunities fund","a31w00000001xD2AAI",""
"a0lw0000008semmAAA","00120000012CbhUAAS","BSL Frontline Equity","a31w00000001xD1AAI",""
"a0lw0000008semnAAA","00120000012CbhUAAS","Axis Triple Advantage","a31w00000001xD0AAI",""
"a0lw0000008semoAAA","00120000012CbhUAAS","Pramerica Short Term Income","a31w00000001xCzAAI",""
"a0lw0000008sempAAA","00120000012CbhUAAS","Reliance equity opportunities fund","a31w00000001xCyAAI",""
"a0lw0000008semqAAA","00120000012CbhUAAS","BSL Frontline Equity","a31w00000001xCxAAI",""
"a0lw0000008semrAAA","00120000012CbhUAAS","Axis Triple Advantage","a31w00000001xCwAAI",""
"a0lw0000008semsAAA","00120000012CbhUAAS","Pramerica Short Term Income","a31w00000001xCvAAI",""
"a0lw0000008semtAAA","00120000012CbhUAAS","BSL Dividend Yield Plus","a31w00000001xCuAAI",""
"a0lw0000008semuAAA","00120000012CbhUAAS","Reliance equity opportunities fund","a31w00000001xCtAAI",""
"a0lw0000008semvAAA","00120000012CbhUAAS","Pramerica Equity","a31w00000001xCsAAI",""
"a0lw0000008semwAAA","00120000012CbhUAAS","BSL Frontline Equity","a31w00000001xCrAAI",""
"a0lw0000008semxAAA","00120000012CbhUAAS","Axis Triple Advantage","a31w00000001xCqAAI",""
"a0lw0000008semyAAA","00120000012CbhUAAS","Pramerica Short Term Income","a31w00000001xCpAAI",""
"a0lw0000008sen0AAA","00120000012CbhUAAS","Reliance equity opportunities fund","a31w00000001xCnAAI",""
"a0lw0000008sen1AAA","00120000012CbhUAAS","BSL Frontline Equity","a31w00000001xCmAAI",""
"a0l200000061G1gAAE","0012000000iWCcrAAG","SBI - Blue Chip Fund (D) [Folio:6299983]","a31200000001GnrAAE",""
"a0l200000061G1hAAE","0012000000iWCcrAAG","Axis - Triple Advantage Fund (G) [Folio:9048051712]","a31200000001GnqAAE",""
"a0l200000061G1iAAE","0012000000iWCcrAAG","HDFC - Top 200 Fund - (G) [Folio:6036453/56]","a31200000001GnpAAE",""
"a0l200000061G1jAAE","0012000000iWCcrAAG","HDFC - Top 200 Fund - (G) [Folio:6036453/56]","a31200000001GnpAAE",""
"a0l200000061G1kAAE","0012000000iWCcrAAG","DSP BlackRock - Equity Fund Reg (G) [Folio:2586395/39]","a31200000001GnnAAE",""
"a0l200000061G1nAAE","0012000000iWCcrAAG","Birla SL - FTP Sr GG Reg (G) [Folio:1015179833]","a31200000001GnlAAE",""
"a0l200000061G1oAAE","0012000000iWCcrAAG","HDFC - Top 200 Fund - (G) [Folio:6077190/65]","a31200000001GnjAAE",""
"a0l200000061G1qAAE","0012000000iWCcrAAG","HDFC - Top 200 Fund - (G) [Folio:7640557/11]","a31200000001GnfAAE",""
"a0l200000061G1sAAE","0012000000iWCcrAAG","Birla SL - Mid Cap Fund Plan Reg (G) [Folio:1015176794]","a31200000001GndAAE",""
"a0l200000061G1uAAE","0012000000iWCcrAAG","DSP BlackRock - Top 100 Equity Fund (G) [Folio:2586395/39]","a31200000001GncAAE",""
"a0l200000061G0hAAE","0012000000fq8aZAAQ","SBI - M Tax Gain (D) [Folio:7392059]","a31200000001Go0AAE",""
"a0l200000061G0iAAE","0012000000fq8aZAAQ","HDFC - Tax Saver (G) [Folio:3116216/18]","a31200000001GnyAAE",""
"a0l200000061G0oAAE","0012000000fq8aZAAQ","Templeton - India ST Income Plan (G) [Folio:1049904237547]","a31200000001GnkAAE",""
"a0l200000061G0pAAE","0012000000fq8aZAAQ","Templeton - India ST Income Plan (G) [Folio:1049904237547]","a31200000001GnkAAE",""
"a0l200000061G0qAAE","0012000000fq8aZAAQ","Birla SL - Dividend Yield Plus (G) [Folio:1015592212]","a31200000001GniAAE",""
"a0l200000061G0rAAE","0012000000fq8aZAAQ","DSP BlackRock - Top 100 Equity Fund (G) [Folio:2424238/55]","a31200000001GngAAE",""
"a0l200000061G0sAAE","0012000000fq8aZAAQ","HDFC - Top 200 Fund - (G) [Folio:3116216/18]","a31200000001GneAAE",""
"a0l200000061G0zAAE","0012000000fq8aZAAQ","Birla SL - FTP Sr GG Reg (G) Folio:1015179833","a31200000001GnUAAU",""
"a0l200000061G14AAE","0012000000fq8aZAAQ","SBI - Blue Chip Fund (D) [Folio:6299983]","a31200000001GnPAAU",""
"a0l200000061G1PAAU","0012000000fq8aZAAQ","SBI Bluechip Fund","a31200000001Gn4AAE",""
"a0l200000061G1bAAE","0012000000iWCcrAAG","IDFC - Premier Equity Fund Reg (G) [Folio:1249828/51]","a31200000001GnzAAE",""
"a0l200000061G1cAAE","0012000000iWCcrAAG","IDFC - Premier Equity Fund Reg (G) [Folio:1249828/51]","a31200000001GnzAAE",""
"a0l200000061JmWAAU","0012000000iC7HtAAK","Axis Triple Advantage","a312000000012oGAAQ",""
"a0l200000061JmhAAE","0012000000iC7HtAAK","ICICI Focused Bluechip G [Folio:5952130/49]","a312000000012oSAAQ",""
"a0l200000061JmiAAE","0012000000iC7HtAAK","ICICI Focused Bluechip G [Folio:5952130/49]","a312000000012oSAAQ",""
"a0l200000061JmjAAE","0012000000iC7HtAAK","DSP Equity Fund G [Folio:2739482/73]","a312000000012oTAAQ",""
"a0l200000061JmlAAE","0012000000iC7HtAAK","BSL Dynamic Bond Fund G - Folio:1015842028","a312000000012oUAAQ",""
"a0l200000061JmmAAE","0012000000iC7HtAAK","BSL Dynamic Bond Fund G - Folio:1015842028","a312000000012oUAAQ",""
"a0l200000061JmoAAE","0012000000iC7HtAAK","Reliance Gold Savings Fund G [Folio:404127703437]","a312000000012oVAAQ",""
"a0l200000061JmpAAE","0012000000iC7HtAAK","HDFC Top 200 G [Folio:8009670/24]","a312000000012oWAAQ",""
"a0l200000061JmqAAE","0012000000iC7HtAAK","HDFC Top 200 G [Folio:8009670/24]","a312000000012oWAAQ",""
"a0l200000061JmrAAE","0012000000iC7HtAAK","Axis - Triple Advantage Fund (G)[Folio:9048144856]","a312000000012oXAAQ",""
"a0l200000061JmsAAE","0012000000iC7HtAAK","Axis - Triple Advantage Fund (G)[Folio:9048144856]","a312000000012oXAAQ",""
"a0l200000061JmtAAE","0012000000iC7HtAAK","IDFC Premier Equity G [Folio:1350332/15]","a312000000012oYAAQ",""
"a0l200000061JmuAAE","0012000000iC7HtAAK","IDFC Premier Equity G [Folio:1350332/15]","a312000000012oYAAQ",""
"a0l200000061JmwAAE","0012000000iC7HtAAK","HDFC Cash Management Treasury Advantage D [Folio:8009670/24]","a312000000012oaAAA",""
"a0lw0000008scvXAAQ","0012000000pcDtLAAU","AXIS Treasury Advantage","a31200000001nkXAAQ",""
"a0lw0000008scvuAAA","0012000000pcDtLAAU","HDFC Cash Management Treasury","a31200000001nkEAAQ",""
"a0lw0000008scvwAAA","0012000000pcDtLAAU","DSP BR Equity","a31200000001nkCAAQ",""
"a0lw0000008scvyAAA","0012000000pcDtLAAU","ICICI Pru Focussed Blue Chip Fund","a31200000001nkBAAQ",""
"a0lw0000008scvzAAA","0012000000pcDtLAAU","BSL Savings","a31200000001nkAAAQ",""
"a0lw0000008scw0AAA","0012000000pcDtLAAU","DSP Br Money Manager","a31200000001nk9AAA",""
"a0lw0000008scw1AAA","0012000000pcDtLAAU","ICICI Pru Discovery","a31200000001nk8AAA",""
"a0lw0000008scw2AAA","0012000000pcDtLAAU","Birla SL Dynamic Bond Fund","a31200000001nk7AAA",""
"a0lw0000008scw4AAA","0012000000pcDtLAAU","Birla SL Dynamic Bond Fund","a31200000001nk5AAA",""
"a0lw0000008scwcAAA","0012000000pcDtLAAU","Birla SL Dynamic Bond Fund","a31200000001njXAAQ",""
"a0lw0000008scwdAAA","0012000000pcDtLAAU","DSP Money Manager","a31200000001njWAAQ",""
"a0lw0000008scweAAA","0012000000pcDtLAAU","Birla SL Savings","a31200000001njVAAQ",""
"a0lw0000008scwgAAA","0012000000pcDtLAAU","Pramerica Ultra Short Term","a31200000001njTAAQ",""
"a0lw0000008scwhAAA","0012000000pcDtLAAU","Birla SL Savings","a31200000001njSAAQ",""
"a0lw0000008scwiAAA","0012000000pcDtLAAU","DSP Money Manager","a31200000001njRAAQ",""
"a0lw0000008scwlAAA","0012000000pcDtLAAU","Reliance Money Manager","a31200000001njOAAQ",""
"a0lw0000008scwmAAA","0012000000pcDtLAAU","Birla SL Dynamic Bond Fund","a31200000001njNAAQ",""
"a0lw0000008scvZAAQ","0012000000pcDtLAAU","ICICI Pru Flexi Income","a31200000001nkVAAQ",""
"a0lw0000008scvaAAA","0012000000pcDtLAAU","Birla SL Dynamic Bond Fund","a31200000001nkUAAQ",""
"a0lw0000008scvbAAA","0012000000pcDtLAAU","Birla SL Dynamic Bond Fund","a31200000001nkTAAQ",""
"a0lw0000008scvcAAA","0012000000pcDtLAAU","AXIS Treasury Advantage","a31200000001nkSAAQ",""
"a0lw0000008scvdAAA","0012000000pcDtLAAU","Birla SL Dynamic Bond Fund","a31200000001nkQAAQ",""
"a0lw0000008scveAAA","0012000000pcDtLAAU","DSP BR Top 100","a31200000001nkPAAQ",""
"a0lw0000008scvgAAA","0012000000pcDtLAAU","BSL Savings","a31200000001nkOAAQ",""
"a0lw0000008scvhAAA","0012000000pcDtLAAU","BSL Div Yield Plus","a31200000001nkNAAQ",""
"a0lw0000008scw5AAA","0012000000pcDtLAAU","DSP Money Manager","a31200000001nk4AAA",""
"a0lw0000008scw9AAA","0012000000pcDtLAAU","BSL Savings","a31200000001nk1AAA",""
"a0lw0000008scwAAAQ","0012000000pcDtLAAU","BSL Savings","a31200000001nk0AAA",""
"a0lw0000008scwBAAQ","0012000000pcDtLAAU","Birla SL Frontline Equity","a31200000001njyAAA",""
"a0lw0000008scwCAAQ","0012000000pcDtLAAU","DSP Equity","a31200000001njxAAA",""
"a0lw0000008scwEAAQ","0012000000pcDtLAAU","IDFCMoney Manager","a31200000001njvAAA",""
"a0lw0000008scwFAAQ","0012000000pcDtLAAU","DSP Money Manager","a31200000001njuAAA",""
"a0lw0000008scwnAAA","0012000000pcDtLAAU","Birla SL Dynamic Bond Fund","a31200000001njMAAQ",""
"a0lw0000008scvkAAA","0012000000pcDtLAAU","BSL Frontline Equity","a31200000001nkLAAQ",""
"a0lw0000008scvmAAA","0012000000pcDtLAAU","AXIS Triple Advantage","a31200000001nkKAAQ",""
"a0lw0000008scvnAAA","0012000000pcDtLAAU","ICICI Pru Regular Savings Fund","a31200000001nkJAAQ",""
"a0lw0000008scvpAAA","0012000000pcDtLAAU","Birla SL Dynamic Bond Fund","a31200000001nkIAAQ",""
"a0lw0000008scvrAAA","0012000000pcDtLAAU","BSL Savings Fund","a31200000001nkHAAQ",""
"a0lw0000008scwGAAQ","0012000000pcDtLAAU","ICICI Pru Regular Savings Fund","a31200000001njtAAA",""
"a0lw0000008scwHAAQ","0012000000pcDtLAAU","Birla SL Dynamic Bond Fund","a31200000001njsAAA",""
"a0lw0000008scwKAAQ","0012000000pcDtLAAU","Reliance Money Manager","a31200000001njpAAA",""
"a0lw0000008scwLAAQ","0012000000pcDtLAAU","Birla SL Savings","a31200000001njoAAA",""
"a0lw0000008scwMAAQ","0012000000pcDtLAAU","Birla SL Dynamic Bond Fund","a31200000001njnAAA",""
"a0lw0000008scwOAAQ","0012000000pcDtLAAU","ICICI Pru Discovery","a31200000001njlAAA",""
"a0lw0000008scwPAAQ","0012000000pcDtLAAU","ICICI Pru Focussed Blue Chip","a31200000001njkAAA",""
"a0lw0000008scwQAAQ","0012000000pcDtLAAU","Birla SL Dynamic Bond Fund","a31200000001njjAAA",""
"a0lw0000008scwRAAQ","0012000000pcDtLAAU","Birla SL Dynamic Bond Fund","a31200000001njiAAA",""
"a0lw0000008scwSAAQ","0012000000pcDtLAAU","Birla SL Dynamic Bond Fund","a31200000001njhAAA",""
"a0lw0000008scwXAAQ","0012000000pcDtLAAU","Birla SL Div Yield","a31200000001njcAAA",""
"a0lw0000008scwZAAQ","0012000000pcDtLAAU","DSP Top 100","a31200000001njaAAA",""
"a0lw0000008scwbAAA","0012000000pcDtLAAU","Reliance Gold","a31200000001njYAAQ",""
"a0l200000060lJtAAI","0012000000yEkEzAAK","Individual Health Guard","a31200000000RgPAAU",""
"a0l200000060lJuAAI","0012000000yEkEzAAK","TOP Up","a31200000000RgOAAU",""
"a0l200000060lJwAAI","0012000000yEkEzAAK","Individual Health Guard","a31200000000RgMAAU",""
"a0l200000060lJzAAI","0012000000yEkEzAAK","Individual Health Guard","a31200000000RgJAAU",""
"a0l200000060lK0AAI","0012000000yEkEzAAK","Individual Health Guard","a31200000000RgIAAU",""
"a0l200000060lKAAAY","0012000000yEkEzAAK","AXIS Triple Advantage","a31200000000Rg7AAE",""
"a0l200000060lKHAAY","0012000000yEkEzAAK","AXIS Triple Advantage","a31200000000Rg0AAE",""
"a0l200000060lKNAAY","0012000000yEkEzAAK","AXIS Triple Advantage","a31200000000RfuAAE",""
"a0l200000060lKSAAY","0012000000yEkEzAAK","AXIS Triple Advantage","a31200000000RfpAAE",""
"a0l200000060lKZAAY","0012000000yEkEzAAK","AXIS Triple Advantage","a31200000000RfiAAE",""
"a0l200000061Jr8AAE","0012000000zIfbzAAC","Saving's A/C","a312000000011hyAAA",""
"a0l200000061JngAAE","0012000000yKa9zAAC","HDFC Top 200 Fund - Growth","a31200000000QwDAAU",""
"a0l200000061M4oAAE","00120000011DX9nAAG","HDFC Click 2 Protect - 1.5 cr","a31200000001PCVAA2",""
"a0l200000061M4yAAE","00120000011DX9nAAG","HDFC Top 200 Growth","a31200000001PCOAA2",""
"a0l200000061M56AAE","00120000011DX9nAAG","Axis Triple Advantage","a31200000001PCGAA2",""
"a0l200000061M57AAE","00120000011DX9nAAG","BSL Dynamic Bond","a31200000001PCFAA2",""
"a0l200000061M5GAAU","00120000011DX9nAAG","UTI Opportunities Fund","a31200000001PC6AAM",""
"a0l200000061M5HAAU","00120000011DX9nAAG","Sundram Select mid cap Growth Fund","a31200000001PC5AAM",""
"a0l200000061M5IAAU","00120000011DX9nAAG","BSL Dividend Yield Plus","a31200000001PC4AAM",""
"a0l200000061M5JAAU","00120000011DX9nAAG","DSP Equity","a31200000001PC3AAM",""
"a0l200000061M5KAAU","00120000011DX9nAAG","Pramerica Equity","a31200000001PC2AAM",""
"a0l200000061M5MAAU","00120000011DX9nAAG","Axis Triple Advantage","a31200000001PC0AAM",""
"a0l200000061M5NAAU","00120000011DX9nAAG","BSL Dynamic Bond","a31200000001PBzAAM",""
"a0l200000061M5PAAU","00120000011DX9nAAG","DSP Equity","a31200000001PBxAAM",""
"a0l200000061M5QAAU","00120000011DX9nAAG","Pramerica Equity","a31200000001PBwAAM",""
"a0l200000061M5SAAU","00120000011DX9nAAG","Axis Triple Advantage","a31200000001PBuAAM",""
"a0l200000061M5TAAU","00120000011DX9nAAG","BSL Dynamic Bond","a31200000001PBtAAM",""
"a0l200000061M5OAAU","00120000011DX9nAAG","BSL Dividend Yield Plus","a31200000001PByAAM",""
"a0l200000061M5gAAE","00120000011DX9nAAG","BSL Dividend Yield Plus","a31200000001PBgAAM",""
"a0l200000061M5hAAE","00120000011DX9nAAG","DSP Equity","a31200000001PBfAAM",""
"a0l200000061M5iAAE","00120000011DX9nAAG","Pramerica Equity","a31200000001PBeAAM",""
"a0l200000061M5kAAE","00120000011DX9nAAG","Axis Triple Advantage","a31200000001PBcAAM",""
"a0l200000061M5lAAE","00120000011DX9nAAG","BSL Dynamic Bond","a31200000001PBbAAM",""
"a0l200000061M5mAAE","00120000011DX9nAAG","BSL Dividend Yield Plus","a31200000001PBaAAM",""
"a0l200000061M5nAAE","00120000011DX9nAAG","DSP Equity","a31200000001PBZAA2",""
"a0l200000061M5oAAE","00120000011DX9nAAG","Pramerica Equity","a31200000001PBYAA2",""
"a0l200000061M5qAAE","00120000011DX9nAAG","Axis Triple Advantage","a31200000001PBWAA2",""
"a0l200000061M5rAAE","00120000011DX9nAAG","BSL Dynamic Bond","a31200000001PBVAA2",""
"a0l200000061M5sAAE","00120000011DX9nAAG","BSL Dividend Yield Plus","a31200000001PBUAA2",""
"a0l200000061M5tAAE","00120000011DX9nAAG","DSP Equity","a31200000001PBTAA2",""
"a0l200000061M5uAAE","00120000011DX9nAAG","Pramerica Equity","a31200000001PBSAA2",""
"a0l200000061M5wAAE","00120000011DX9nAAG","Axis Triple Advantage","a31200000001PBQAA2",""
"a0l200000061M5xAAE","00120000011DX9nAAG","BSL Dynamic Bond","a31200000001PBPAA2",""
"a0l20000008rh4jAAA","0012000000xDpsIAAS","HDFC MidCap Opportunities (G) (4)","a31200000000D2PAAU",""
"a0l20000008rh4mAAA","0012000000xDpsIAAS","ICICI Pru Focused Bluechip Eqty (G) (16)","a31200000000D2RAAU",""
"a0l20000008rh4qAAA","0012000000xDpsIAAS","Birla SL Dividend Yield (G) (13)","a31200000000D2UAAU",""
"a0l20000008rh4vAAA","0012000000xDpsIAAS","Birla Sun Life Midcap Fund -A (G) (11)","a31200000000D2YAAU",""
"a0l20000008rh54AAA","0012000000xDpsIAAS","UTI Dividend Yield Fund (G) (13)","a31200000000D2fAAE",""
"a0l20000008rh57AAA","0012000000xDpsIAAS","ICICI Pru Dynamic Plan (G) (4)","a31200000000D2hAAE",""
"a0l20000008rh5AAAQ","0012000000xDpsIAAS","UTI Opportunities Fund (G) (11)","a31200000000D2jAAE",""
"a0l20000008rh5DAAQ","0012000000xDpsIAAS","DSP-BR Top 100 Equity - RP (G) (29)","a31200000000D2lAAE",""
"a0l20000008rh5GAAQ","0012000000xDpsIAAS","Birla SL Frontline Equity -A (G) (26)","a31200000000D2nAAE",""
"a0l20000008rh5LAAQ","0012000000xDpsIAAS","Axis Triple Advantage Fund (G) (4)","a31200000000D2rAAE",""
"a0lw0000008sWhHAAU","00120000012BWMDAA4","Saving Account","a31w00000001v8oAAA",""
"a0lw0000008sWhMAAU","00120000012BWMDAA4","Pramerica Short Term Income","a31w00000001v8iAAA",""
"a0l200000061KmrAAE","00120000010QCpUAAW","L&T Equity Fund-G","a31200000001SAVAA2",""
"a0l200000061KmxAAE","00120000010QCpUAAW","HDFC Equity Fund-G","a31200000001SASAA2",""
"a0l200000061KmzAAE","00120000010QCpUAAW","Reliance Equity Opportunity Fund-G","a31200000001SARAA2",""
"a0l200000061Kn6AAE","00120000010QCpUAAW","HDFC Top 200-G","a31200000001SANAA2",""
"a0l200000061KnFAAU","00120000010QCpUAAW","Sundaram BNP Paribas Select Midcap Growth","a31200000001SACAA2",""
"a0l200000061JWiAAM","00120000010PFtRAAW","DSP BR  Equity","a31200000000yu4AAA",""
"a0l200000061JWIAA2","00120000010PFtRAAW","Savings Account","a31200000000yuVAAQ",""
"a0l200000061JWOAA2","00120000010PFtRAAW","PPF","a31200000000yuOAAQ",""
"a0l200000061JWUAA2","00120000010PFtRAAW","PPF","a31200000000yuIAAQ",""
"a0lw0000008sU0dAAE","0012000000s2UymAAE","Birla SL - DBF Ret (G) [Folio:1016087517]","a31w00000001y1oAAA",""
"a0lw0000008sU0iAAE","0012000000s2UymAAE","HDFC - Top 200 Fund - (G) [Folio:8669911/41]","a31w00000001y1mAAA",""
"a0lw0000008sU0jAAE","0012000000s2UymAAE","IDFC - Money Manager Fund TP Reg (D) (D) [Folio:1408085/95]","a31w00000001y1lAAA",""
"a0lw0000008sU0kAAE","0012000000s2UymAAE","Birla SL - Savings Fund Reg (D) (D) [Folio:1016087517]","a31w00000001y1kAAA",""
"a0lw0000008sU0mAAE","0012000000s2UymAAE","IDFC MM Treasury A","a31w00000001y1iAAA",""
"a0lw0000008sU0hAAE","0012000000s2UymAAE","HDFC - Top 200 Fund - (G) [Folio:8669911/41]","a31w00000001y1mAAA",""
"a0l200000061ACPAA2","0012000000zG2rtAAC","IDFC MM Treasury A","a31200000000kAWAAY",""
"a0l200000061ACQAA2","0012000000zG2rtAAC","BSL Savings","a31200000000kAVAAY",""
"a0l200000061ACAAA2","0012000000zG2rtAAC","HDFC Life Click 2 Protect","a31200000000kAlAAI",""
"a0l200000061Aj5AAE","00120000010PfsRAAS","Reliance Regular Savings Fund-Equity -Growth","a312000000013f0AAA",""
"a0l200000061AjBAAU","00120000010PfsRAAS","IDFC Money Manager Treasury A","a312000000013eiAAA",""
"a0l200000061AjDAAU","00120000010PfsRAAS","SBI Blue Chip Fund","a312000000013efAAA",""
"a0l200000061AjEAAU","00120000010PfsRAAS","Reliance RSF - Equity","a312000000013eeAAA",""
"a0l200000061AjqAAE","00120000010QIxRAAW","Reliance Growth Fund -Retial Plan- Dividend Plan","a312000000013euAAA",""
"a0l200000061AjsAAE","00120000010QIxRAAW","Reliance Growth Fund -Retial Plan- Dividend Plan","a312000000013erAAA",""
"a0l200000061AjuAAE","00120000010QIxRAAW","SBI Blue Chip Fund- Growth","a312000000013enAAA",""
"a0l200000061AjvAAE","00120000010QIxRAAW","Reliance Regular Savings Fund-Equity - Growth","a312000000013emAAA",""
"a0l200000061HqkAAE","0012000000oDJ2YAAW","Icici Focsued Bluechip","a31200000001KlRAAU",""
"a0l200000061HqlAAE","0012000000oDJ2YAAW","Icici Focsued Bluechip","a31200000001KlRAAU",""
"a0l200000061HqnAAE","0012000000oDJ2YAAW","Reliance Gold Savings Fund","a31200000001KlPAAU",""
"a0l200000061HqYAAU","0012000000oDJ2YAAW","Dsp Equity","a31200000001KlaAAE",""
"a0l200000061HqaAAE","0012000000oDJ2YAAW","Birla Sun Life Dynamic Bond Fund","a31200000001KlZAAU",""
"a0l200000061HqdAAE","0012000000oDJ2YAAW","Idfc Premier Equity","a31200000001KlWAAU",""
"a0l200000061HqeAAE","0012000000oDJ2YAAW","Idfc Premier Equity","a31200000001KlWAAU",""
"a0l200000061HqgAAE","0012000000oDJ2YAAW","Icici Focsued Bluechip","a31200000001KlUAAU",""
"a0l200000061HqhAAE","0012000000oDJ2YAAW","Birla Sun Life Dynamic Bond Fund","a31200000001KlTAAU",""
"a0l200000061HqiAAE","0012000000oDJ2YAAW","Birla Sun Life Dynamic Bond Fund","a31200000001KlTAAU",""
"a0l200000061JIUAA2","00120000011DXmiAAG","Bajaj Allianz Critical Illness","a31200000001EgLAAU",""
"a0l200000061JIXAA2","00120000011DXmiAAG","Bajaj Allianz Premium Personal Guard","a31200000001EgIAAU",""
"a0l200000061LO5AAM","0012000000rGf5UAAS","BS Dynamic G - [Folio:1016061183]","a312000000016XVAAY",""
"a0l200000061LO7AAM","0012000000rGf5UAAS","DSP Short Term Fund G - [Folio:2797053/20]","a312000000016XUAAY",""
"a0l200000061LO8AAM","0012000000rGf5UAAS","DSP BlackRock - Equity Fund Reg (G) [Folio:2797053/20]","a312000000016XTAAY",""
"a0l200000061LOjAAM","0012000000rGf5UAAS","FMP","a312000000016WwAAI",""
"a0l200000061LONAA2","0012000000rGf5UAAS","IDFC - Sterling Equity Fund Reg (G) [Folio:1394134/44]","a312000000016XJAAY",""
"a0l200000061LOOAA2","0012000000rGf5UAAS","Savings Account","a312000000016XIAAY",""
"a0l200000061LOpAAM","0012000000rGf5UAAS","Pramerica equity","a312000000016WqAAI",""
"a0l200000061LOAAA2","0012000000rGf5UAAS","Pramerica Short Term Income G - [Folio:9041898691]","a312000000016XSAAY",""
"a0l200000061LOCAA2","0012000000rGf5UAAS","IDFC MM Treasury A DDR [Folio:1394134/44]","a312000000016XQAAY",""
"a0l200000061LODAA2","0012000000rGf5UAAS","HDFC - Top 200 Fund - (G) [Folio:8635037/97]","a312000000016XPAAY",""
"a0l200000061LOFAA2","0012000000rGf5UAAS","Axis - Triple Advantage Fund (G) [Folio:9047650533]","a312000000016XOAAY",""
"a0l200000061LOHAA2","0012000000rGf5UAAS","BSL Frontline Equity (G) [Folio:1016061183]","a312000000016XNAAY",""
"a0l200000061LOIAA2","0012000000rGf5UAAS","Birla SL - Dividend Yield Plus (G) [Folio:1016061183]","a312000000016XMAAY",""
"a0l200000061LOKAA2","0012000000rGf5UAAS","IDFC - Premier Equity Fund Reg (G) [Folio:1394134/44]","a312000000016XLAAY",""
"a0l200000061LOMAA2","0012000000rGf5UAAS","Pramerica Equity (G) [Folio:9041898664]","a312000000016XKAAY",""
"a0l200000061NJrAAM","00120000010R4DqAAK","SBI Magnum Tax Saving","a31200000001QEJAA2",""
"a0l200000061NJuAAM","00120000010R4DqAAK","IDFC Premier Equity","a31200000001QEHAA2",""
"a0l200000061NJwAAM","00120000010R4DqAAK","HDFC Top 200","a31200000001QEGAA2",""
"a0l200000061NIwAAM","0012000000rG4TaAAK","SBI Magnum Tax Saving","a31200000001QDgAAM",""
"a0l200000061NIRAA2","0012000000rG4TaAAK","SBI Magnum Tax Saving","a31200000001QEBAA2",""
"a0l20000008rfMWAAY","0012000000ZmRKNAA3","Templeton India ST Income G Folio:1049904176701","a31200000001NdLAAU",""
"a0l200000060t8WAAQ","0012000000yL1tEAAS","Critical Illness Cover","a31200000000ZC8AAM",""
"a0l200000060t8XAAQ","0012000000yL1tEAAS","Individual Health Cover","a31200000000ZC9AAM",""
"a0l200000060t8YAAQ","0012000000yL1tEAAS","Personal Accident & Disability Cover","a31200000000ZCAAA2",""
"a0l200000060t8ZAAQ","0012000000yL1tEAAS","Individual Health Cover","a31200000000ZCBAA2",""
"a0l200000060t8aAAA","0012000000yL1tEAAS","Critical Illness Cover","a31200000000ZCCAA2",""
"a0l200000060t8bAAA","0012000000yL1tEAAS","Individual Health Cover","a31200000000ZCDAA2",""
"a0l200000060t8cAAA","0012000000yL1tEAAS","Top Up Cover - 3 Members","a31200000000ZCEAA2",""
"a0l200000060t8dAAA","0012000000yL1tEAAS","Personal Accident & Disability Cover","a31200000000ZCFAA2",""
"a0l200000061FJOAA2","0012000000yJZNrAAO","AXIS Triple Advantage","a31200000000Vx7AAE",""
"a0l200000061FJRAA2","0012000000yJZNrAAO","IDFC MM G","a31200000000Vx4AAE",""
"a0l200000061N4CAAU","0012000000yLJTnAAO","LIC Jeevan Tarang","a31200000000juTAAQ",""
"a0l200000061N4FAAU","0012000000yLJTnAAO","PPF","a31200000000juQAAQ",""
"a0l20000008rf8lAAA","00120000011DbCbAAK","BSL Frontline Equity","a31200000001mfQAAQ",""
"a0l20000008rf8mAAA","00120000011DbCbAAK","BSL Dynamic","a31200000001mfRAAQ",""
"a0l20000008rf8nAAA","00120000011DbCbAAK","Pramerica Short Term Income","a31200000001mfSAAQ",""
"a0l20000008rf8oAAA","00120000011DbCbAAK","Savings Bank Account","a31200000001mfpAAA",""
"a0l20000008rf8pAAA","00120000011DbCbAAK","BSL savings","a31200000001mfqAAA",""
"a0l20000008rf8qAAA","00120000011DbCbAAK","IDFC Money Manager Treasury A","a31200000001mfrAAA",""
"a0l20000008rf8rAAA","00120000011DbCbAAK","HDFC Life Click 2 Protect.(Sum Assured of Rs.50,00,000)","a31200000001mfsAAA",""
"a0l20000008rf8sAAA","00120000011DbCbAAK","HDFC Life Click 2 Protect.","a31200000001mftAAA",""
"a0l20000008rf8uAAA","00120000011DbCbAAK","Bajaj Allianz Critical Illness","a31200000001mfvAAA",""
"a0l20000008rf8wAAA","00120000011DbCbAAK","Bajaj Allianz Premium Personal Guard","a31200000001mfxAAA",""
"a0l20000008rf8xAAA","00120000011DbCbAAK","Bajaj Allianz Premium Personal Guard","a31200000001mfyAAA",""
"a0l20000008rf8yAAA","00120000011DbCbAAK","Bajaj Allianz Critical Illness","a31200000001mfzAAA",""
"a0lw0000008sIHyAAM","00120000011DaUFAA0","HDFC Life Click 2 Protect - (Sum Assured 1.60 cr)","a31200000001f1GAAQ",""
"a0lw0000008sII2AAM","00120000011DaUFAA0","BSL Savings Fund","a31200000001f1BAAQ",""
"a0lw0000008sII3AAM","00120000011DaUFAA0","BSL Savings Fund","a31200000001f1AAAQ",""
"a0lw0000008t5PrAAI","0012000000yEuodAAC","BSL Savings Fund","a31200000001feMAAQ",""
"a0lw0000008t5PsAAI","0012000000yEuodAAC","Saving's A/c","a31200000001feLAAQ",""
"a0lw0000008t5PwAAI","0012000000yEuodAAC","BSL Savings Fund","a31200000001feGAAQ",""
"a0lw0000008t5Q0AAI","0012000000yEuodAAC","Reliance Equity Opportunities Fund","a31200000001feCAAQ",""
"a0lw0000008t5Q2AAI","0012000000yEuodAAC","BSL Frontline Equity Fund","a31200000001feAAAQ",""
"a0lw0000008t5Q6AAI","0012000000yEuodAAC","Reliance Equity Opportunities Fund","a31200000001fe6AAA",""
"a0lw0000008t5Q8AAI","0012000000yEuodAAC","BSL Frontline Equity Fund","a31200000001fe4AAA",""
"a0lw0000008t5QEAAY","0012000000yEuodAAC","BSL Savings Fund","a31200000001fdyAAA",""
"a0lw0000008t5QKAAY","0012000000yEuodAAC","BSL Frontline Equity Fund","a31200000001fdsAAA",""
"a0lw0000008t5QOAAY","0012000000yEuodAAC","Reliance Equity Opportunities Fund","a31200000001fdoAAA",""
"a0lw0000008t5QQAAY","0012000000yEuodAAC","BSL Frontline Equity Fund","a31200000001fdmAAA",""
"a0lw0000008t5QWAAY","0012000000yEuodAAC","BSL Savings Fund","a31200000001fdgAAA",""
"a0lw0000008t5QYAAY","0012000000yEuodAAC","BSL Dynamic Fund","a31200000001fdeAAA",""
"a0lw0000008t5QcAAI","0012000000yEuodAAC","BSL Frontline Equity","a31200000001fdaAAA",""
"a0lw0000008t5QeAAI","0012000000yEuodAAC","BSL Dynamic Fund","a31200000001fdYAAQ",""
"a0lw0000008t5QgAAI","0012000000yEuodAAC","Reliance Equity Opportunities Fund","a31200000001fdWAAQ",""
"a0lw0000008t5QiAAI","0012000000yEuodAAC","BSL Frontline Equity Fund","a31200000001fdUAAQ",""
"a0lw0000008t5QkAAI","0012000000yEuodAAC","BSL Dynamic Fund","a31200000001fdSAAQ",""
"a0lw0000008t5QlAAI","0012000000yEuodAAC","Reliance Equity Opportunities Fund","a31200000001fdRAAQ",""
"a0lw0000008t5QnAAI","0012000000yEuodAAC","BSL Frontline Equity Fund","a31200000001fdPAAQ",""
"a0lw0000008t5QpAAI","0012000000yEuodAAC","BSL Dynamic Fund","a31200000001fdNAAQ",""
"a0l200000061AVBAA2","0012000000xryZiAAI","Bajaj Allianz  Health Guard","a31200000000K0tAAE",""
"a0l200000061AVCAA2","0012000000xryZiAAI","Bajaj Allianz  Critical Illness","a31200000000K0uAAE",""
"a0lw0000008szguAAA","0012000000rJIzIAAW","AMC","a31w00000002YutAAE",""
"a0lw0000008szgvAAA","0012000000rJIzIAAW","AMC","a31w00000002YuuAAE",""
"a0lw0000008szh3AAA","0012000000wnNEyAAM","HDFC","a31w00000002YusAAE",""
"a0l2000000619AwAAI","0012000000xp8KsAAI","Bsl Dynamic Fund","a31200000000JwRAAU",""
"a0l2000000619AxAAI","0012000000xp8KsAAI","Dsp Equity Fund","a31200000000JwSAAU",""
"a0l200000061PYaAAM","00120000011w6QQAAY","BSL Savings","a31200000001j0hAAA",""
"a0l200000061PYbAAM","00120000011w6QQAAY","IDFC Money Manager Treasury A","a31200000001j0iAAA",""
"a0l200000061PYdAAM","00120000011w6QQAAY","BSL Savings","a31200000001j0lAAA",""
"a0l200000061PY1AAM","00120000011w6QQAAY","BSL Frontline Equity","a31200000001j08AAA",""
"a0l200000061PXuAAM","00120000011w6QQAAY","BSL Dynamic","a31200000001j01AAA",""
"a0l200000061PXvAAM","00120000011w6QQAAY","Axis Triple Advantage","a31200000001j02AAA",""
"a0l200000061PXwAAM","00120000011w6QQAAY","BSL Frontline Equity","a31200000001j03AAA",""
"a0l200000061PXxAAM","00120000011w6QQAAY","DSP Equity","a31200000001j04AAA",""
"a0l200000061PXyAAM","00120000011w6QQAAY","Pramerica Equity","a31200000001j05AAA",""
"a0l200000061PXzAAM","00120000011w6QQAAY","Pramerica Short Term Income","a31200000001j06AAA",""
"a0l200000061PY0AAM","00120000011w6QQAAY","Axis Triple Advantage","a31200000001j07AAA",""
"a0l200000061PY5AAM","00120000011w6QQAAY","Pramerica Short Term Income","a31200000001j0CAAQ",""
"a0l200000061PY6AAM","00120000011w6QQAAY","Axis Triple Advantage","a31200000001j0DAAQ",""
"a0l200000061PY7AAM","00120000011w6QQAAY","BSL Frontline Equity","a31200000001j0EAAQ",""
"a0l200000061PY8AAM","00120000011w6QQAAY","Pramerica Equity","a31200000001j0FAAQ",""
"a0l200000061PYIAA2","00120000011w6QQAAY","Pramerica Short Term Income","a31200000001j0PAAQ",""
"a0l200000061PYJAA2","00120000011w6QQAAY","Axis Triple Advantage","a31200000001j0QAAQ",""
"a0l200000061PYKAA2","00120000011w6QQAAY","BSL Frontline Equity","a31200000001j0RAAQ",""
"a0l200000061PYLAA2","00120000011w6QQAAY","Pramerica Equity","a31200000001j0SAAQ",""
"a0l200000061PYOAA2","00120000011w6QQAAY","Pramerica Short Term Income","a31200000001j0VAAQ",""
"a0l200000061PYPAA2","00120000011w6QQAAY","Axis Triple Advantage","a31200000001j0WAAQ",""
"a0l200000061PYQAA2","00120000011w6QQAAY","BSL Frontline Equity","a31200000001j0XAAQ",""
"a0l200000061PYRAA2","00120000011w6QQAAY","Pramerica Equity","a31200000001j0YAAQ",""
"a0l200000061PYSAA2","00120000011w6QQAAY","Reliance equity opportunities fund","a31200000001j0ZAAQ",""
"a0l200000061PYUAA2","00120000011w6QQAAY","Pramerica Short Term Income","a31200000001j0bAAA",""
"a0l200000061PYVAA2","00120000011w6QQAAY","Axis Triple Advantage","a31200000001j0cAAA",""
"a0l200000061PYWAA2","00120000011w6QQAAY","BSL Frontline Equity","a31200000001j0dAAA",""
"a0l200000061PYXAA2","00120000011w6QQAAY","Pramerica Equity","a31200000001j0eAAA",""
"a0l200000061PYYAA2","00120000011w6QQAAY","Reliance equity opportunities fund","a31200000001j0fAAA",""
"a0l200000061PY2AAM","00120000011w6QQAAY","Pramerica Equity","a31200000001j09AAA",""
"a0l200000061PY3AAM","00120000011w6QQAAY","Reliance equity opportunities fund","a31200000001j0AAAQ",""
"a0l200000061PY9AAM","00120000011w6QQAAY","Reliance equity opportunities fund","a31200000001j0GAAQ",""
"a0l200000061PYBAA2","00120000011w6QQAAY","Pramerica Short Term Income","a31200000001j0IAAQ",""
"a0l200000061PYCAA2","00120000011w6QQAAY","BSL Dynamic","a31200000001j0JAAQ",""
"a0l200000061PYDAA2","00120000011w6QQAAY","Axis Triple Advantage","a31200000001j0KAAQ",""
"a0l200000061PYEAA2","00120000011w6QQAAY","BSL Frontline Equity","a31200000001j0LAAQ",""
"a0l200000061PYFAA2","00120000011w6QQAAY","Pramerica Equity","a31200000001j0MAAQ",""
"a0l200000061PYGAA2","00120000011w6QQAAY","Reliance equity opportunities fund","a31200000001j0NAAQ",""
"a0l200000061PYMAA2","00120000011w6QQAAY","Reliance equity opportunities fund","a31200000001j0TAAQ",""
"a0l200000060ewQAAQ","0012000000xGmkKAAS","","a31200000000IQ8AAM",""
"a0l200000060ewRAAQ","0012000000xGmkKAAS","","a31200000000IQ7AAM",""
"a0l200000060ewSAAQ","0012000000xGmkKAAS","","a31200000000IQ7AAM",""
"a0l200000060ewTAAQ","0012000000xGmkKAAS","","a31200000000IQ6AAM",""
"a0l200000060ewUAAQ","0012000000xGmkKAAS","","a31200000000IQ4AAM",""
"a0l200000060ewVAAQ","0012000000xGmkKAAS","","a31200000000IQ3AAM",""
"a0l200000060ewWAAQ","0012000000xGmkKAAS","","a31200000000IQ2AAM",""
"a0l200000060ewXAAQ","0012000000xGmkKAAS","","a31200000000IQ1AAM",""
"a0l200000060ewYAAQ","0012000000xGmkKAAS","","a31200000000IQ0AAM",""
"a0l200000060ewZAAQ","0012000000xGmkKAAS","","a31200000000IPzAAM",""
"a0l200000060ewaAAA","0012000000xGmkKAAS","","a31200000000IPxAAM",""
"a0l200000060ewbAAA","0012000000xGmkKAAS","","a31200000000IPvAAM",""
"a0l200000060ewcAAA","0012000000xGmkKAAS","","a31200000000IPuAAM",""
"a0l200000060ewdAAA","0012000000xGmkKAAS","","a31200000000IPtAAM",""
"a0l200000060eweAAA","0012000000xGmkKAAS","","a31200000000IPsAAM",""
"a0l200000060ewfAAA","0012000000xGmkKAAS","","a31200000000IPrAAM",""
"a0l200000060ewgAAA","0012000000xGmkKAAS","","a31200000000IPqAAM",""
"a0l200000060ewhAAA","0012000000xGmkKAAS","","a31200000000IPpAAM",""
"a0l200000060ewiAAA","0012000000xGmkKAAS","","a31200000000IPoAAM",""
"a0l200000060ewjAAA","0012000000xGmkKAAS","","a31200000000IPnAAM",""
"a0l200000060ewkAAA","0012000000xGmkKAAS","","a31200000000IPmAAM",""
"a0l200000060ewlAAA","0012000000xGmkKAAS","","a31200000000IPlAAM",""
"a0l200000060ewmAAA","0012000000xGmkKAAS","","a31200000000IPkAAM",""
"a0l200000060ewnAAA","0012000000xGmkKAAS","","a31200000000IPjAAM",""
"a0l200000060ewoAAA","0012000000xGmkKAAS","","a31200000000IPiAAM",""
"a0l200000060ewpAAA","0012000000xGmkKAAS","","a31200000000IPhAAM",""
"a0l200000060ewqAAA","0012000000xGmkKAAS","","a31200000000IPgAAM",""
"a0l200000060ewrAAA","0012000000xGmkKAAS","","a31200000000IPfAAM",""
"a0l200000060ewsAAA","0012000000xGmkKAAS","","a31200000000IPeAAM",""
"a0l200000060ewtAAA","0012000000xGmkKAAS","","a31200000000IPdAAM",""
"a0l200000060ewuAAA","0012000000xGmkKAAS","","a31200000000IPcAAM",""
"a0l200000060ewvAAA","0012000000xGmkKAAS","","a31200000000IPbAAM",""
"a0l200000060ewwAAA","0012000000xGmkKAAS","","a31200000000IPaAAM",""
"a0l200000060ewxAAA","0012000000xGmkKAAS","","a31200000000IPZAA2",""
"a0l200000060ewyAAA","0012000000xGmkKAAS","","a31200000000IPYAA2",""
"a0l200000060ewzAAA","0012000000xGmkKAAS","","a31200000000IPXAA2",""
"a0l200000060evuAAA","0012000000xGmkKAAS","","a31200000000IQaAAM",""
"a0l200000060evvAAA","0012000000xGmkKAAS","","a31200000000IQZAA2",""
"a0l200000060evwAAA","0012000000xGmkKAAS","","a31200000000IQYAA2",""
"a0l200000060evxAAA","0012000000xGmkKAAS","","a31200000000IQXAA2",""
"a0l200000060evyAAA","0012000000xGmkKAAS","","a31200000000IQWAA2",""
"a0l200000060evzAAA","0012000000xGmkKAAS","","a31200000000IQVAA2",""
"a0l200000060ew0AAA","0012000000xGmkKAAS","","a31200000000IQUAA2",""
"a0l200000060ew1AAA","0012000000xGmkKAAS","Click 2 Protect","a31200000000IQTAA2",""
"a0l200000060ew2AAA","0012000000xGmkKAAS","","a31200000000IQSAA2",""
"a0l200000060ew3AAA","0012000000xGmkKAAS","","a31200000000IQSAA2",""
"a0l200000060ew4AAA","0012000000xGmkKAAS","","a31200000000IQRAA2",""
"a0l200000060ew5AAA","0012000000xGmkKAAS","","a31200000000IQQAA2",""
"a0l200000060ew6AAA","0012000000xGmkKAAS","","a31200000000IQPAA2",""
"a0l200000060ew7AAA","0012000000xGmkKAAS","","a31200000000IQOAA2",""
"a0l200000060ew8AAA","0012000000xGmkKAAS","","a31200000000IQNAA2",""
"a0l200000060ew9AAA","0012000000xGmkKAAS","","a31200000000IQMAA2",""
"a0l200000060ewAAAQ","0012000000xGmkKAAS","","a31200000000IQLAA2",""
"a0l200000060ewBAAQ","0012000000xGmkKAAS","","a31200000000IQKAA2",""
"a0l200000060ewCAAQ","0012000000xGmkKAAS","","a31200000000IQJAA2",""
"a0l200000060ewDAAQ","0012000000xGmkKAAS","","a31200000000IQIAA2",""
"a0l200000060ewEAAQ","0012000000xGmkKAAS","","a31200000000IQHAA2",""
"a0l200000060ewFAAQ","0012000000xGmkKAAS","","a31200000000IQHAA2",""
"a0l200000060ewGAAQ","0012000000xGmkKAAS","","a31200000000IQGAA2",""
"a0l200000060ewHAAQ","0012000000xGmkKAAS","","a31200000000IQFAA2",""
"a0l200000060ewIAAQ","0012000000xGmkKAAS","","a31200000000IQEAA2",""
"a0l200000060ewJAAQ","0012000000xGmkKAAS","","a31200000000IQDAA2",""
"a0l200000060ewKAAQ","0012000000xGmkKAAS","","a31200000000IQCAA2",""
"a0l200000060ewLAAQ","0012000000xGmkKAAS","","a31200000000IQBAA2",""
"a0l200000060ewMAAQ","0012000000xGmkKAAS","","a31200000000IQBAA2",""
"a0l200000060ewNAAQ","0012000000xGmkKAAS","","a31200000000IQAAA2",""
"a0l200000060ewOAAQ","0012000000xGmkKAAS","","a31200000000IQAAA2",""
"a0l200000060ewPAAQ","0012000000xGmkKAAS","","a31200000000IQ9AAM",""
"a0l200000061QaFAAU","0012000000yLa7xAAC","Saving Bank A/c","a31200000001irTAAQ",""
"a0l200000061QaHAAU","0012000000yLa7xAAC","Reliance Money Manager Fund","a31200000001irQAAQ",""
"a0l200000061QaMAAU","0012000000yLa7xAAC","Pramerica Ultra Short Term Bond","a31200000001irLAAQ",""
"a0l200000061QaOAAU","0012000000yLa7xAAC","Reliance Money Manager Fund","a31200000001irJAAQ",""
"a0l200000061QaUAAU","0012000000yLa7xAAC","Reliance Money Manager Fund","a31200000001irDAAQ",""
"a0l200000061QaaAAE","0012000000yLa7xAAC","Reliance Equity Opportunities Fund - Retail Plan","a31200000001ir7AAA",""
"a0l200000061QafAAE","0012000000yLa7xAAC","Reliance Equity Opportunities Fund - Retail Plan","a31200000001ir2AAA",""
"a0l200000061QamAAE","0012000000yLa7xAAC","Reliance Equity Opportunities Fund - Retail Plan","a31200000001iqvAAA",""
"a0l200000061QasAAE","0012000000yLa7xAAC","Reliance Equity Opportunities Fund - Retail Plan","a31200000001iqpAAA",""
"a0l2000000619JlAAI","0012000000zGeVeAAK","HDFC Equity Fund - G","a312000000010ZaAAI",""
"a0l2000000619JmAAI","0012000000zGeVeAAK","Reliance Equity Opportunities Fund-G","a312000000010ZgAAI",""
"a0l2000000619JnAAI","0012000000zGeVeAAK","IDFC Premier Equity Fund-G","a312000000010ZkAAI",""
"a0l2000000619JoAAI","0012000000zGeVeAAK","HDFC Top 200 Fund - G","a312000000010ZmAAI",""
"a0l2000000619JpAAI","0012000000zGeVeAAK","Reliance Equity Opportunities Fund-G","a312000000010ZpAAI",""
"a0l2000000619JqAAI","0012000000zGeVeAAK","ICICI Prudential Discovery Fund","a312000000010ZvAAI",""
"a0l2000000619JrAAI","0012000000zGeVeAAK","Reliance Gold Savings Fund-G","a312000000010ZwAAI",""
"a0l2000000619JxAAI","0012000000zIBy7AAG","","a312000000010L3AAI",""
"a0l2000000619JyAAI","0012000000zIBy7AAG","ICICI Prudential Dynamic- G","a312000000010ZlAAI",""
"a0l2000000619JzAAI","0012000000zIBy7AAG","ICICI Prudential Dynamic- G","a312000000010ZlAAI",""
"a0l2000000619J5AAI","0012000000zGeVeAAK","BSL Short term","a312000000010YtAAI",""
"a0l200000061LGpAAM","00120000010PtRlAAK","BSL Frontline Equity Fund","a312000000018yzAAA",""
"a0l200000061LGwAAM","00120000010PtRlAAK","Hdfc Top 200 Fund","a312000000018z6AAA",""
"a0l200000061LH8AAM","00120000010PtRlAAK","Idfc Sterling Equity","a312000000018zIAAQ",""
"a0l200000061LHAAA2","00120000010PtRlAAK","Bsl Dynamic Fund","a312000000018zKAAQ",""
"a0l200000061LHBAA2","00120000010PtRlAAK","Hdfc Top 200 Fund","a312000000018zLAAQ",""
"a0l200000061LHEAA2","00120000010PtRlAAK","Dsp Equity","a312000000018zOAAQ",""
"a0l200000061LHFAA2","00120000010PtRlAAK","Idfc Sterling Equity","a312000000018zPAAQ",""
"a0l200000061LHVAA2","00120000010PtRlAAK","HDFC TOP 200 FUND - GROWTH PLAN","a312000000018zeAAA",""
"a0l200000061QZGAA2","00120000011DbCgAAK","HDFC Life Click 2 Protect.","a31200000001kpvAAA",""
"a0l200000061QZHAA2","00120000011DbCgAAK","savings Account","a31200000001kpuAAA",""
"a0l200000061QZIAA2","00120000011DbCgAAK","Pramerica Ultra Short Term Bond","a31200000001kpsAAA",""
"a0l200000061QZJAA2","00120000011DbCgAAK","BSL Savings","a31200000001kprAAA",""
"a0l200000061QZKAA2","00120000011DbCgAAK","Pramerica Equity","a31200000001kpqAAA",""
"a0l200000061QZLAA2","00120000011DbCgAAK","Reliance equity opportunities fund","a31200000001kppAAA",""
"a0l200000061QZMAA2","00120000011DbCgAAK","BSL Frontline Equity","a31200000001kpoAAA",""
"a0l200000061QZNAA2","00120000011DbCgAAK","Axis Triple Advantage","a31200000001kpnAAA",""
"a0l200000061QZOAA2","00120000011DbCgAAK","BSL Dynamic","a31200000001kpmAAA",""
"a0l200000061QZPAA2","00120000011DbCgAAK","BSL Frontline Equity","a31200000001kplAAA",""
"a0l200000061QZQAA2","00120000011DbCgAAK","BSL Dynamic","a31200000001kpkAAA",""
"a0l200000061QZSAA2","00120000011DbCgAAK","Reliance equity opportunities fund","a31200000001kpiAAA",""
"a0l200000061QZTAA2","00120000011DbCgAAK","Pramerica Equity","a31200000001kphAAA",""
"a0l200000061QZUAA2","00120000011DbCgAAK","BSL Frontline Equity","a31200000001kpgAAA",""
"a0l200000061QZVAA2","00120000011DbCgAAK","Axis Triple Advantage","a31200000001kpfAAA",""
"a0l200000061QZWAA2","00120000011DbCgAAK","BSL Dynamic","a31200000001kpeAAA",""
"a0l200000061QZXAA2","00120000011DbCgAAK","Pramerica Short Term Income","a31200000001kpdAAA",""
"a0l200000061QZYAA2","00120000011DbCgAAK","Pramerica Equity","a31200000001kpcAAA",""
"a0l200000061QZZAA2","00120000011DbCgAAK","Reliance equity opportunities fund","a31200000001kpbAAA",""
"a0l200000061QZaAAM","00120000011DbCgAAK","BSL Frontline Equity","a31200000001kpaAAA",""
"a0l200000061QZbAAM","00120000011DbCgAAK","Axis Triple Advantage","a31200000001kpZAAQ",""
"a0l200000061QZcAAM","00120000011DbCgAAK","BSL Dynamic","a31200000001kpYAAQ",""
"a0l200000061QZdAAM","00120000011DbCgAAK","Pramerica Equity","a31200000001kpXAAQ",""
"a0l200000061QZeAAM","00120000011DbCgAAK","Reliance equity opportunities fund","a31200000001kpWAAQ",""
"a0l200000061QZfAAM","00120000011DbCgAAK","BSL Frontline Equity","a31200000001kpVAAQ",""
"a0l200000061QZgAAM","00120000011DbCgAAK","Axis Triple Advantage","a31200000001kpUAAQ",""
"a0l200000061QZhAAM","00120000011DbCgAAK","BSL Dynamic","a31200000001kpTAAQ",""
"a0l200000061QZjAAM","00120000011DbCgAAK","Reliance equity opportunities fund","a31200000001kpRAAQ",""
"a0l200000061QZkAAM","00120000011DbCgAAK","Pramerica Equity","a31200000001kpQAAQ",""
"a0l200000061QZlAAM","00120000011DbCgAAK","BSL Frontline Equity","a31200000001kpPAAQ",""
"a0l200000061QZmAAM","00120000011DbCgAAK","Axis Triple Advantage","a31200000001kpOAAQ",""
"a0l200000061QZnAAM","00120000011DbCgAAK","Pramerica Short Term Income","a31200000001kpNAAQ",""
"a0l200000061QZpAAM","00120000011DbCgAAK","Reliance equity opportunities fund","a31200000001kpLAAQ",""
"a0l200000061QZqAAM","00120000011DbCgAAK","Pramerica Equity","a31200000001kpKAAQ",""
"a0l200000061QZrAAM","00120000011DbCgAAK","BSL Frontline Equity","a31200000001kpJAAQ",""
"a0l200000061QZsAAM","00120000011DbCgAAK","Axis Triple Advantage","a31200000001kpIAAQ",""
"a0l200000061QZtAAM","00120000011DbCgAAK","Pramerica Short Term Income","a31200000001kpHAAQ",""
"a0l200000061QZvAAM","00120000011DbCgAAK","Reliance equity opportunities fund","a31200000001kpFAAQ",""
"a0l200000061QZwAAM","00120000011DbCgAAK","Pramerica Equity","a31200000001kpEAAQ",""
"a0l200000061QZxAAM","00120000011DbCgAAK","BSL Frontline Equity","a31200000001kpDAAQ",""
"a0l200000061QZyAAM","00120000011DbCgAAK","Axis Triple Advantage","a31200000001kpCAAQ",""
"a0l200000061QZzAAM","00120000011DbCgAAK","Pramerica Short Term Income","a31200000001kpBAAQ",""
"a0l200000061Qa0AAE","00120000011DbCgAAK","Pramerica Equity","a31200000001kpAAAQ",""
"a0l200000061Qa1AAE","00120000011DbCgAAK","Reliance equity opportunities fund","a31200000001kp9AAA",""
"a0l200000061Qa2AAE","00120000011DbCgAAK","BSL Frontline Equity","a31200000001kp8AAA",""
"a0l200000061Qa3AAE","00120000011DbCgAAK","Axis Triple Advantage","a31200000001kp7AAA",""
"a0l200000061Qa4AAE","00120000011DbCgAAK","BSL Dynamic","a31200000001kp6AAA",""
"a0l200000061QZ7AAM","00120000011DbCgAAK","Bajaj Allianz Premium Personal Guard","a31200000001kq4AAA",""
"a0l200000061QZAAA2","00120000011DbCgAAK","Bajaj Allianz Critical Illness","a31200000001kq1AAA",""
"a0l200000061QZCAA2","00120000011DbCgAAK","Bajaj Allianz Critical Illness","a31200000001kpzAAA",""
"a0l200000061QZEAA2","00120000011DbCgAAK","Bajaj Allianz Premium Personal Guard","a31200000001kpxAAA",""
"a0lw0000008s5BrAAI","0012000000wG97IAAS","Reliance Liquid Fund","a31w00000001vhYAAQ",""
"a0lw0000008s5BsAAI","0012000000wG97IAAS","Templeton India Treasury Mgmt D","a31w00000001vhXAAQ",""
"a0lw0000008s5BtAAI","0012000000wG97IAAS","HDFC Cash Mgmt Treasury Advtg D","a31w00000001vhWAAQ",""
"a0lw0000008s5BuAAI","0012000000wG97IAAS","DSP MM G","a31w00000001vhVAAQ",""
"a0lw0000008s5BvAAI","0012000000wG97IAAS","HDFC Liquid Fund DDR","a31w00000001vhUAAQ",""
"a0lw0000008s5BzAAI","0012000000wG97IAAS","Franklin India Prima","a31w00000001vhPAAQ",""
"a0lw0000008s5C0AAI","0012000000wG97IAAS","Franklin India Blue Chip Equity","a31w00000001vhOAAQ",""
"a0lw0000008s5C1AAI","0012000000wG97IAAS","IDFC MM Treasury A","a31w00000001vhNAAQ",""
"a0lw0000008s5C2AAI","0012000000wG97IAAS","BSL Savings","a31w00000001vhMAAQ",""
"a0lw0000008s5C3AAI","0012000000wG97IAAS","HDFC Top 200 Dividend","a31w00000001vhLAAQ",""
"a0lw0000008s5C4AAI","0012000000wG97IAAS","Franklin India Blue Chip","a31w00000001vhKAAQ",""
"a0lw0000008s5C6AAI","0012000000wG97IAAS","BLS Dynamic Bond Fund","a31w00000001vhIAAQ",""
"a0lw0000008s5C9AAI","0012000000wG97IAAS","BSL Frontline Equity","a31w00000001vhFAAQ",""
"a0lw0000008s5CAAAY","0012000000wG97IAAS","HDFC Top 200 Dividend","a31w00000001vhEAAQ",""
"a0lw0000008s5CDAAY","0012000000wG97IAAS","BSL Frontline Equity","a31w00000001vhBAAQ",""
"a0lw0000008s5CEAAY","0012000000wG97IAAS","Franklin India Blue Chip Fund Dividend","a31w00000001vhAAAQ",""
"a0lw0000008s5CFAAY","0012000000wG97IAAS","HDFC Top 200 Dividend","a31w00000001vh9AAA",""
"a0lw0000008s5CIAAY","0012000000wG97IAAS","Axis Triple Advantage","a31w00000001vh6AAA",""
"a0lw0000008s5CJAAY","0012000000wG97IAAS","BSL Savings Div Yield","a31w00000001vh5AAA",""
"a0lw0000008ssDwAAI","0012000000vVqrLAAS","HDFC TOP 200 FUND","a31200000000e7iAAA",""
"a0lw0000008ssDyAAI","0012000000vVqrLAAS","HDFC TOP 200 FUND","a31200000000e7hAAA",""
"a0lw0000008st5bAAA","0012000000na1EjAAI","BSL Dynamic Bond Fund","a31w00000002TrSAAU",""
"a0lw0000008st5dAAA","0012000000na1EjAAI","Reliance Gold Savings","a31w00000002TrRAAU",""
"a0lw0000008st5hAAA","0012000000na1EjAAI","ICICI Pru Focused Blue Chip Equity","a31w00000002TrPAAU",""
"a0lw0000008st5jAAA","0012000000na1EjAAI","DSP Blackrock Equity","a31w00000002TrOAAU",""
"a0l200000061PYlAAM","00120000011w6QQAAY","Bajaj Allianz Critical Illness","a31200000001j0tAAA",""
"a0l200000061PYmAAM","00120000011w6QQAAY","Bajaj Allianz Critical Illness","a31200000001j0uAAA",""
"a0l200000061PYeAAM","00120000011w6QQAAY","IDFC Money Manager Treasury A","a31200000001j0mAAA",""
"a0l200000061PYfAAM","00120000011w6QQAAY","HDFC Life Click 2 Protect. (Sum Assured Rs.10,000,000)","a31200000001j0nAAA",""
"a0l200000061PYiAAM","00120000011w6QQAAY","Bajaj Allianz Premium Personal Guard","a31200000001j0qAAA",""
"a0lw0000008ruERAAY","0012000000wk45TAAQ","Bajaj Allianz Premium Personal Guard","a31200000001juuAAA",""
"a0lw0000008ruETAAY","0012000000wk45TAAQ","Bajaj Allianz Critical Illness","a31200000001jusAAA",""
"a0lw0000008ruEXAAY","0012000000wk45TAAQ","Birla SL Savings","a31200000001juoAAA",""
"a0lw0000008ruEZAAY","0012000000wk45TAAQ","Savings A/C","a31200000001jumAAA",""
"a0lw0000008ruEaAAI","0012000000wk45TAAQ","Reliance Natural Resource","a31200000001jukAAA",""
"a0lw0000008ruEbAAI","0012000000wk45TAAQ","Birla SL Frontline Equity","a31200000001jujAAA",""
"a0lw0000008ruEcAAI","0012000000wk45TAAQ","Reliance Equities Opportunities","a31200000001juiAAA",""
"a0lw0000008ruEeAAI","0012000000wk45TAAQ","Birla SL Dynamic Bond Fund","a31200000001jugAAA",""
"a0lw0000008ruEfAAI","0012000000wk45TAAQ","Birla SL Frontline Equity","a31200000001jufAAA",""
"a0lw0000008ruEgAAI","0012000000wk45TAAQ","Reliance Equities Opportunities","a31200000001jueAAA",""
"a0lw0000008ruEhAAI","0012000000wk45TAAQ","HDFC Gold","a31200000001judAAA",""
"a0lw0000008ruEiAAI","0012000000wk45TAAQ","Birla SL Dynamic Bond Fund","a31200000001jucAAA",""
"a0lw0000008s3RBAAY","00120000012BJw3AAG","Birla SL Frontline Equity","a31w00000001uk9AAA",""
"a0lw0000008s3RCAAY","00120000012BJw3AAG","Reliance Equities Opportunities","a31w00000001ukAAAQ",""
"a0lw0000008s3REAAY","00120000012BJw3AAG","Pramerica Equity","a31w00000001ukCAAQ",""
"a0lw0000008s3RGAAY","00120000012BJw3AAG","Pramerica Short Term Income","a31w00000001ukEAAQ",""
"a0lw0000008s3RHAAY","00120000012BJw3AAG","Birla SL Frontline Equity","a31w00000001ukFAAQ",""
"a0lw0000008s3RIAAY","00120000012BJw3AAG","Reliance Equities Opportunities","a31w00000001ukGAAQ",""
"a0lw0000008s3RKAAY","00120000012BJw3AAG","Pramerica Equity","a31w00000001ukIAAQ",""
"a0lw0000008s3RMAAY","00120000012BJw3AAG","Pramerica Short Term Income","a31w00000001ukKAAQ",""
"a0lw0000008s3RNAAY","00120000012BJw3AAG","Birla SL Frontline Equity","a31w00000001ukLAAQ",""
"a0lw0000008s3ROAAY","00120000012BJw3AAG","Reliance Equities Opportunity","a31w00000001ukMAAQ",""
"a0lw0000008s3RQAAY","00120000012BJw3AAG","Pramerica Equity","a31w00000001ukOAAQ",""
"a0lw0000008s3RRAAY","00120000012BJw3AAG","Axis Triple Advantage","a31w00000001ukPAAQ",""
"a0lw0000008s3RSAAY","00120000012BJw3AAG","Pramerica Short Term Income","a31w00000001ukQAAQ",""
"a0lw0000008s3RTAAY","00120000012BJw3AAG","Birla SL Savings","a31w00000001ukRAAQ",""
"a0lw0000008s3RVAAY","00120000012BJw3AAG","Birla SL Savings","a31w00000001ukUAAQ",""
"a0lw0000008s3RWAAY","00120000012BJw3AAG","Savings A/C","a31w00000001ukVAAQ",""
"a0lw0000008s3RYAAY","00120000012BJw3AAG","HDFC Click2Protect","a31w00000001ukXAAQ",""
"a0lw0000008s3RfAAI","00120000012BJw3AAG","Bajaj Allianz Premium Personal Guard","a31w00000001ukeAAA",""
"a0lw0000008sqQEAAY","0012000000jbf5VAAQ","DSP Short Term","a31w00000002OQ7AAM",""
"a0lw0000008sqQFAAY","0012000000jbf5VAAQ","Axis Triple Advantage","a31w00000002OQ6AAM",""
"a0lw0000008sqQHAAY","0012000000jbf5VAAQ","Top 100","a31w00000002OQ5AAM",""
"a0lw0000008sqQIAAY","0012000000jbf5VAAQ","HDFC Top200","a31w00000002OQ4AAM",""
"a0lw0000008sqQJAAY","0012000000jbf5VAAQ","HDFC Top200","a31w00000002OQ4AAM",""
"a0lw0000008sqQKAAY","0012000000jbf5VAAQ","Birla SL Dynamic Bond Fund","a31w00000002OQ3AAM",""
"a0lw0000008sqQLAAY","0012000000jbf5VAAQ","Birla SL Frontline Equity","a31w00000002OQ2AAM",""
"a0lw0000008sqQMAAY","0012000000jbf5VAAQ","DSP Equity","a31w00000002OQ1AAM",""
"a0lw0000008sqQOAAY","0012000000jbf5VAAQ","HDFC Hi Interest","a31w00000002OQ0AAM",""
"a0lw0000008sqQPAAY","0012000000jbf5VAAQ","IDFC Money Manager","a31w00000002OPzAAM",""
"a0lw0000008sqQQAAY","0012000000jbf5VAAQ","Birla SL Div Yield","a31w00000002OPyAAM",""
"a0l200000061NbsAAE","0012000000zISziAAG","BSL TAX RELIEF 96 SCHEME","a31200000000prgAAA",""
"a0l200000061Nc0AAE","0012000000zISziAAG","DSP Equity","a31200000000prXAAQ",""
"a0l200000061Nc1AAE","0012000000zISziAAG","Pramerica Equity","a31200000000prWAAQ",""
"a0l200000061Nc2AAE","0012000000zISziAAG","BSL Frontline Equity","a31200000000prVAAQ",""
"a0l200000061Nc3AAE","0012000000zISziAAG","Axis Triple Advantage","a31200000000prUAAQ",""
"a0l200000061Nc4AAE","0012000000zISziAAG","Pramerica Short Term Income","a31200000000prTAAQ",""
"a0l200000061Nc6AAE","0012000000zISziAAG","DSP Equity","a31200000000prRAAQ",""
"a0l200000061Nc7AAE","0012000000zISziAAG","Pramerica Equity","a31200000000prQAAQ",""
"a0l200000061Nc8AAE","0012000000zISziAAG","BSL Frontline Equity","a31200000000prPAAQ",""
"a0l200000061Nc9AAE","0012000000zISziAAG","Axis Triple Advantage","a31200000000prOAAQ",""
"a0l200000061NcAAAU","0012000000zISziAAG","Pramerica Short Term Income","a31200000000prNAAQ",""
"a0l200000061NcCAAU","0012000000zISziAAG","DSP Equity","a31200000000prLAAQ",""
"a0l200000061NcDAAU","0012000000zISziAAG","BSL Frontline Equity","a31200000000prKAAQ",""
"a0l200000061NcEAAU","0012000000zISziAAG","Pramerica Equity","a31200000000prJAAQ",""
"a0l200000061NcFAAU","0012000000zISziAAG","Axis Triple Advantage","a31200000000prIAAQ",""
"a0l200000061NcGAAU","0012000000zISziAAG","Pramerica Short Term Income","a31200000000prHAAQ",""
"a0l200000061LaWAAU","00120000010OKlmAAG","Pramerica Short Term","a31200000001TxMAAU",""
"a0l200000061LaXAAU","00120000010OKlmAAG","BSL Dynamic","a31200000001TxLAAU",""
"a0l200000061LaHAAU","00120000010OKlmAAG","BSL Savings","a31200000001TxbAAE",""
"a0l200000061LaJAAU","00120000010OKlmAAG","Pramerica Short Term Income","a31200000001TxZAAU",""
"a0l200000061LaKAAU","00120000010OKlmAAG","Pramerica Short Term","a31200000001TxYAAU",""
"a0l200000061LaLAAU","00120000010OKlmAAG","BSL Dynamic","a31200000001TxXAAU",""
"a0l200000061LaMAAU","00120000010OKlmAAG","IDFC MM Treasury A","a31200000001TxWAAU",""
"a0l200000061LaNAAU","00120000010OKlmAAG","BSL Savings","a31200000001TxVAAU",""
"a0l200000061LaOAAU","00120000010OKlmAAG","Pramerica Short Term Income","a31200000001TxUAAU",""
"a0l200000061LaPAAU","00120000010OKlmAAG","BSL Dynamic","a31200000001TxTAAU",""
"a0l200000061GteAAE","0012000000wnNEyAAM","HDFC","a31200000001IzsAAE",""
"a0l200000061GtgAAE","0012000000wnNEyAAM","HDFC","a31200000001IzuAAE",""
"a0l200000061KxYAAU","0012000000yLQXgAAO","Kotak 50 Equity Scheme Growth","a31200000000qGCAAY",""
"a0l200000061KwvAAE","0012000000yK1z0AAC","HDFC Top 200","a31200000000qGEAAY",""
"a0l200000061KwwAAE","0012000000yK1z0AAC","HDFC Equity","a31200000000qGDAAY",""
"a0l200000061KwxAAE","0012000000yK1z0AAC","Idfc Premier Equity Growth","a31200000000qGAAAY",""
"a0l200000061KxWAAU","0012000000yLQXgAAO","Icici Dynamic Plan Cumulative","a31200000000qGGAAY",""
"a0lw0000008rwn5AAA","0012000000j9g4GAAQ","Birla SL Savings","a31200000001mM2AAI",""
"a0lw0000008rwnfAAA","0012000000j9g4GAAQ","Birla SL Dynamic Bond Fund","a31200000001mLSAAY",""
"a0lw0000008rwngAAA","0012000000j9g4GAAQ","Axis Triple Advantage","a31200000001mLRAAY",""
"a0lw0000008rwnjAAA","0012000000j9g4GAAQ","Reliance Equity Opportunities","a31200000001mLOAAY",""
"a0lw0000008rwnkAAA","0012000000j9g4GAAQ","Birla SL Frontline Equity","a31200000001mLNAAY",""
"a0lw0000008rzU7AAI","00120000010OuqUAAS","HDFC Click2Protect (10000000)","a31200000000rHBAAY",""
"a0lw0000008sklnAAA","0012000000vUKWWAA4","Bajaj Allianz Premium Personal guard","a31200000000jmVAAQ",""
"a0lw0000008sleIAAQ","00120000011w71dAAA","HDFC CMF - Treasury Advantage Plan - Retail - Gr","a31200000001khjAAA",""
"a0lw0000008sleJAAQ","00120000011w71dAAA","Axis Long Term Equity Fund","a31200000001khiAAA",""
"a0lw0000008sleOAAQ","00120000011w71dAAA","Pramerica Ultra Short Term Bond Fund - Gr","a31200000001kheAAA",""
"a0lw0000008slePAAQ","00120000011w71dAAA","HDFC Rajiv Gandhi Equity Savings Scheme- Series 1 - Regular Gr","a31200000001khbAAA",""
"a0lw0000008sleSAAQ","00120000011w71dAAA","HDFC CMF - Treasury Advantage Plan - Retail - Gr","a31200000001khWAAQ",""
"a0lw0000008sleWAAQ","00120000011w71dAAA","DSP BlackRock Tax Saver Fund - Gr","a31200000001khQAAQ",""
"a0lw0000008slegAAA","00120000011w71dAAA","Reliance Medium Term Fund Gr","a31200000001khEAAQ",""
"a0lw0000008sleiAAA","00120000011w71dAAA","Saving Bank Account","a31200000001khCAAQ",""
"a0lw0000008sleoAAA","00120000011w71dAAA","HDFC CMF - Treasury Advantage Plan - Retail - Gr","a31200000001kh5AAA",""
"a0lw0000008sleqAAA","00120000011w71dAAA","HDFC CMF - Treasury Advantage Plan - Retail - Gr","a31200000001kh3AAA",""
"a0lw0000008slerAAA","00120000011w71dAAA","Reliance Medium Term Fund","a31200000001kh2AAA",""
"a0lw0000008slesAAA","00120000011w71dAAA","Religare Invesco Credit Opportunities Fund","a31200000001kh1AAA",""
"a0lw0000008sleuAAA","00120000011w71dAAA","HDFC CMF - Treasury Advantage Plan - Retail - Gr","a31200000001kgzAAA",""
"a0lw0000008slevAAA","00120000011w71dAAA","HDFC CMF - Treasury Advantage Plan - Retail - Gr","a31200000001kgyAAA",""
"a0lw0000008slexAAA","00120000011w71dAAA","HDFC CMF - Treasury Advantage Plan - Retail - Gr","a31200000001kgwAAA",""
"a0lw0000008sleyAAA","00120000012ARN0AAO","Religare Invesco Credit Opportunities Fund - Gr","a31200000001khlAAA",""
"a0lw0000008slezAAA","00120000012ARN0AAO","Sundaram Tax Saver - Gr","a31200000001khkAAA",""
"a0lw0000008slf7AAA","00120000012ARN0AAO","Axis Long Term Equity Fund - Gr","a31200000001khUAAQ",""
"a0lw0000008slf8AAA","00120000012ARN0AAO","DSP BlackRock Tax Saver Fund - Gr","a31200000001khTAAQ",""
"a0lw0000008snDkAAI","0012000000fqOufAAE","DSP Liquidity Fund Inst","a31w00000001wZWAAY",""
"a0lw0000008snDnAAI","0012000000fqOufAAE","Reliance Gold Savings Fund/ Gold ETF","a31w00000001wZSAAY",""
"a0lw0000008snDvAAI","0012000000fqOufAAE","Reliance Gold Savings Fund/ Gold ETF","a31w00000001wZKAAY",""
"a0lw0000008snE0AAI","0012000000fqOufAAE","Reliance Gold Savings Fund/ Gold ETF","a31w00000001wZFAAY",""
"a0lw0000008snE6AAI","0012000000fqOufAAE","Reliance Gold Savings Fund/ Gold ETF","a31w00000001wZ9AAI",""
"a0lw0000008snECAAY","0012000000fqOufAAE","Reliance Gold Savings Fund/ Gold ETF","a31w00000001wZ3AAI",""
"a0lw0000008snELAAY","0012000000fqOufAAE","Reliance Gold Savings Fund/ Gold ETF","a31w00000001wYuAAI",""
"a0lw0000008snDOAAY","0012000000fqOufAAE","ICICI Pru - Focused Bluechip Equity Fund Reg (G) [Folio:5967577/74]","a31w00000001wZmAAI",""
"a0lw0000008snDRAAY","0012000000fqOufAAE","HDFC - Top 200 Fund - (G) [Folio:8791459/20]","a31w00000001wZkAAI",""
"a0lw0000008snDSAAY","0012000000fqOufAAE","Birla SL - DBF Ret (G) [Folio:1016141304]","a31w00000001wZjAAI",""
"a0lw0000008snDTAAY","0012000000fqOufAAE","HDFC Cash Management Fund-Savings Plan-Weekly Div.","a31w00000001wZiAAI",""
"a0lw0000008snDUAAY","0012000000fqOufAAE","HDFC - Top 200 Fund - (G) [Folio:8751813/36]","a31w00000001wZhAAI",""
"a0lw0000008snDVAAY","0012000000fqOufAAE","HDFC - Top 200 Fund - (G) [Folio:8751813/36]","a31w00000001wZhAAI",""
"a0lw0000008snDXAAY","0012000000fqOufAAE","Birla SL - DBF Ret (G) [Folio:1015789743]","a31w00000001wZfAAI",""
"a0lw0000008snDbAAI","0012000000fqOufAAE","IDFC - Premier Equity Fund Reg (G) [Folio:1355600/22]","a31w00000001wZdAAI",""
"a0lw0000008snDcAAI","0012000000fqOufAAE","IDFC - Premier Equity Fund Reg (G) [Folio:1355600/22]","a31w00000001wZdAAI",""
"a0lw0000008snDeAAI","0012000000fqOufAAE","DSP BLACKROCK LIQUIDITY FUND WEEKLY-INSTITUTIONAL PLAN-DIVIDEND","a31w00000001wZbAAI",""
"a0l200000061LpsAAE","0012000000xp57MAAQ","BSL Dynamic Bond Fund","a31200000000YEKAA2",""
"a0l200000061LqgAAE","0012000000xp57MAAQ","SBI Dunamic bond fund","a31200000000YDWAA2",""
"a0l200000061LqlAAE","0012000000xp58PAAQ","Birla Frontilne","a31200000000YEoAAM",""
"a0l200000061Nm3AAE","0012000000zI4BIAA0","BSL Dynamic Bond Fund","a31200000001dAhAAI",""
"a0l200000061Nm6AAE","0012000000zI4BIAA0","DSP BR Top 100 Fund","a31200000001dAeAAI",""
"a0l200000061Nm8AAE","0012000000zI4BIAA0","BSL Frontline Equity Fund","a31200000001dAcAAI",""
"a0l200000061Nm9AAE","0012000000zI4BIAA0","DSP BR Equity Fund","a31200000001dAbAAI",""
"a0l200000061NmAAAU","0012000000zI4BIAA0","BSL Dividend Yield Plus Fund","a31200000001dAaAAI",""
"a0l200000061NmBAAU","0012000000zI4BIAA0","BSL Dynamic Bond Fund","a31200000001dAZAAY",""
"a0l200000061NmCAAU","0012000000zI4BIAA0","Prameirca Short Term Income Fund","a31200000001dAYAAY",""
"a0l200000061NmEAAU","0012000000zI4BIAA0","BSL Frontline Equity Fund","a31200000001dAWAAY",""
"a0l200000061NmGAAU","0012000000zI4BIAA0","DSP BR Equity Fund","a31200000001dAUAAY",""
"a0l200000061NmHAAU","0012000000zI4BIAA0","BSL Dynamic Bond Fund","a31200000001dATAAY",""
"a0l200000061NmKAAU","0012000000zI4BIAA0","BSL Frontline Equity Fund","a31200000001dAQAAY",""
"a0l200000061NmLAAU","0012000000zI4BIAA0","DSP BR Top 100 Fund","a31200000001dAPAAY",""
"a0l200000061NmMAAU","0012000000zI4BIAA0","DSP BR Equity Fund","a31200000001dAOAAY",""
"a0l200000061NlJAAU","0012000000zI4BIAA0","Bajaj Allianz Critical Care Cover","a31200000001dBOAAY",""
"a0l200000061NlKAAU","0012000000zI4BIAA0","Bajaj Allianz Extra Care Cover","a31200000001dBNAAY",""
"a0l200000061NlNAAU","0012000000zI4BIAA0","Bajaj Allianz Critical Care Cover","a31200000001dBKAAY",""
"a0l200000061NlPAAU","0012000000zI4BIAA0","Bajaj Allianz Premium Personal Guard","a31200000001dBIAAY",""
"a0l200000061NlSAAU","0012000000zI4BIAA0","HDFC Click 2 Protect - Cover of Rs.12,000,000","a31200000001dBFAAY",""
"a0l200000061NlXAAU","0012000000zI4BIAA0","HDFC Top 200 Fund G","a31200000001dBCAAY",""
"a0l200000061NlZAAU","0012000000zI4BIAA0","IDFC Premier Equity G","a31200000001dBBAAY",""
"a0l200000061NlbAAE","0012000000zI4BIAA0","DSP BR Top 100 Equity G","a31200000001dBAAAY",""
"a0l200000061NlgAAE","0012000000zI4BIAA0","BSL Dynamic Bond Fund","a31200000001dB4AAI",""
"a0l200000061NliAAE","0012000000zI4BIAA0","Axis Triple Advantage Funds","a31200000001dB2AAI",""
"a0l200000061NljAAE","0012000000zI4BIAA0","BSL Frontline Equity Fund","a31200000001dB1AAI",""
"a0l200000061NllAAE","0012000000zI4BIAA0","DSP BR Equity Fund","a31200000001dAzAAI",""
"a0l200000061NlmAAE","0012000000zI4BIAA0","Pramerica Short Term Income","a31200000001dAyAAI",""
"a0l200000061NlnAAE","0012000000zI4BIAA0","BSL Dynamic Bond Fund","a31200000001dAxAAI",""
"a0l200000061NlpAAE","0012000000zI4BIAA0","BSL Frontline Equity Fund","a31200000001dAvAAI",""
"a0l200000061NlrAAE","0012000000zI4BIAA0","DSP BR Equity Fund","a31200000001dAtAAI",""
"a0l200000061NlsAAE","0012000000zI4BIAA0","IDFC Premier Equity Fund","a31200000001dAsAAI",""
"a0l200000061NltAAE","0012000000zI4BIAA0","BSL Dynamic Bond Fund","a31200000001dArAAI",""
"a0l200000061NlvAAE","0012000000zI4BIAA0","BSL Frontline Equity Fund","a31200000001dApAAI",""
"a0l200000061NlxAAE","0012000000zI4BIAA0","DSP BR Equity Fund","a31200000001dAnAAI",""
"a0l200000061NlyAAE","0012000000zI4BIAA0","IDFC Premier Equity Fund","a31200000001dAmAAI",""
"a0l200000061NlzAAE","0012000000zI4BIAA0","BSL Dynamic Bond Fund","a31200000001dAlAAI",""
"a0l200000061Nm1AAE","0012000000zI4BIAA0","DSP BR Equity Fund","a31200000001dAjAAI",""
"a0l200000061Oi8AAE","0012000000s2NbVAAU","HDFC Growth Fund G","a31200000001etaAAA",""
"a0l200000061Oi9AAE","0012000000s2NbVAAU","HDFC Cash Management Treasury Advt","a31200000001etZAAQ",""
"a0l200000061OiAAAU","0012000000s2NbVAAU","HDFC Cash Management Treasury Advt","a31200000001etYAAQ",""
"a0l200000061OiBAAU","0012000000s2NbVAAU","Pramerica Short Term Income","a31200000001etWAAQ",""
"a0l200000061OiCAAU","0012000000s2NbVAAU","Axis Triple Advantage","a31200000001etVAAQ",""
"a0l200000061OiDAAU","0012000000s2NbVAAU","Pramerica Equity","a31200000001etUAAQ",""
"a0l200000061OiFAAU","0012000000s2NbVAAU","DSP Equity","a31200000001etSAAQ",""
"a0l200000061OiHAAU","0012000000s2NbVAAU","Birla SL Savings Fund","a31200000001etQAAQ",""
"a0l200000061OiIAAU","0012000000s2NbVAAU","BSL Frontline Equity","a31200000001etPAAQ",""
"a0l200000061OiJAAU","0012000000s2NbVAAU","Pramerica Equity","a31200000001etOAAQ",""
"a0l200000061OiKAAU","0012000000s2NbVAAU","DSP Equity","a31200000001etNAAQ",""
"a0l200000061OiLAAU","0012000000s2NbVAAU","Axis Triple Advantage","a31200000001etMAAQ",""
"a0l200000061OiMAAU","0012000000s2NbVAAU","Pramerica Short Term Income","a31200000001etLAAQ",""
"a0l200000061OiOAAU","0012000000s2NbVAAU","BSL Frontline Equity","a31200000001etJAAQ",""
"a0l200000061OiPAAU","0012000000s2NbVAAU","Pramerica Equity","a31200000001etIAAQ",""
"a0l200000061OiQAAU","0012000000s2NbVAAU","DSP Equity","a31200000001etHAAQ",""
"a0l200000061OiRAAU","0012000000s2NbVAAU","Axis Triple Advantage","a31200000001etGAAQ",""
"a0l200000061OiSAAU","0012000000s2NbVAAU","Pramerica Short Term Income","a31200000001etFAAQ",""
"a0l200000061OiTAAU","0012000000s2NbVAAU","Birla SL Dynamic Bond Fund","a31200000001etEAAQ",""
"a0l200000061OiUAAU","0012000000s2NbVAAU","Birla SL Frontline Equity","a31200000001etDAAQ",""
"a0l200000061OiVAAU","0012000000s2NbVAAU","DSP Equity","a31200000001etCAAQ",""
"a0l200000061OiXAAU","0012000000s2NbVAAU","Pramerica Equity","a31200000001etAAAQ",""
"a0l200000061OiYAAU","0012000000s2NbVAAU","Axis Triple Advantage","a31200000001et9AAA",""
"a0l200000061OiZAAU","0012000000s2NbVAAU","Pramerica Short Term Income","a31200000001et8AAA",""
"a0l200000061OiaAAE","0012000000s2NbVAAU","Pramerica Short Term Income","a31200000001et7AAA",""
"a0l200000061OibAAE","0012000000s2NbVAAU","Axis Triple Advantage","a31200000001et6AAA",""
"a0l200000061OicAAE","0012000000s2NbVAAU","Pramerica Equity","a31200000001et5AAA",""
"a0l200000061OieAAE","0012000000s2NbVAAU","DSP Equity","a31200000001et3AAA",""
"a0l200000061OifAAE","0012000000s2NbVAAU","Birla SL Frontline Equity","a31200000001et2AAA",""
"a0l200000061OigAAE","0012000000s2NbVAAU","Pramerica Short Term Income","a31200000001et1AAA",""
"a0l200000061OihAAE","0012000000s2NbVAAU","Axis Triple Advantage","a31200000001et0AAA",""
"a0l200000061OiiAAE","0012000000s2NbVAAU","Pramerica Equity","a31200000001eszAAA",""
"a0l200000061OikAAE","0012000000s2NbVAAU","DSP Equity","a31200000001esxAAA",""
"a0l200000061OilAAE","0012000000s2NbVAAU","Birla SL Frontline Equity","a31200000001eswAAA",""
"a0l200000061OimAAE","0012000000s2NbVAAU","Pramerica Short Term Income","a31200000001esvAAA",""
"a0l200000061OinAAE","0012000000s2NbVAAU","Axis Triple Advantage","a31200000001esuAAA",""
"a0l200000061OioAAE","0012000000s2NbVAAU","Pramerica Equity","a31200000001estAAA",""
"a0l200000061OiqAAE","0012000000s2NbVAAU","DSP Equity","a31200000001esrAAA",""
"a0l200000061OirAAE","0012000000s2NbVAAU","Birla SL Frontline Equity","a31200000001esqAAA",""
"a0l200000061OisAAE","0012000000s2NbVAAU","Pramerica Short Term Income","a31200000001espAAA",""
"a0l200000061OitAAE","0012000000s2NbVAAU","Axis Triple Advantage","a31200000001esoAAA",""
"a0l200000061OiuAAE","0012000000s2NbVAAU","Pramerica Equity","a31200000001esnAAA",""
"a0l200000061OiwAAE","0012000000s2NbVAAU","DSP Equity","a31200000001eslAAA",""
"a0l200000061OrbAAE","0012000000zG2rtAAC","Bajaj Allianz Premium Personal Guard","a31200000001ZoJAAU",""
"a0l200000061OreAAE","0012000000zG2rtAAC","Bajaj Allianz Critical Illness","a31200000001ZoGAAU",""
"a0l200000061OrlAAE","0012000000zG2rtAAC","Reliance Banking Fund","a31200000001ZoBAAU",""
"a0l200000061OrmAAE","0012000000zG2rtAAC","Savings a/c","a31200000001ZoAAAU",""
"a0l200000061OrnAAE","0012000000zG2rtAAC","IDFC MM Treasury A","a31200000001Zo9AAE",""
"a0l200000061OroAAE","0012000000zG2rtAAC","BSL Savings","a31200000001Zo8AAE",""
"a0l200000061OrpAAE","0012000000zG2rtAAC","DSP BR Tax Saver Fund","a31200000001Zo6AAE",""
"a0l200000061OrqAAE","0012000000zG2rtAAC","Reliance Banking Fund","a31200000001Zo5AAE",""
"a0l200000061OrsAAE","0012000000zG2rtAAC","Axis Triple Advantage","a31200000001Zo3AAE",""
"a0l200000061OrtAAE","0012000000zG2rtAAC","Pramerica Short Term Income","a31200000001Zo2AAE",""
"a0l200000061OruAAE","0012000000zG2rtAAC","IDFC MM Treasury A","a31200000001Zo1AAE",""
"a0l200000061OrvAAE","0012000000zG2rtAAC","BSL Savings","a31200000001Zo0AAE",""
"a0l200000061OrwAAE","0012000000zG2rtAAC","Relaince Banking Fund","a31200000001ZnzAAE",""
"a0l200000061OryAAE","0012000000zG2rtAAC","Axis Triple Advantage","a31200000001ZnxAAE",""
"a0l200000061OrzAAE","0012000000zG2rtAAC","Pramerica Short Term Income","a31200000001ZnwAAE",""
"a0l200000061Os0AAE","0012000000zG2rtAAC","BSL Frontline Equity","a31200000001ZnvAAE",""
"a0l200000061FDuAAM","0012000000op6K8AAI","Birla SL Dynamic Bond Fund","a31200000001FIwAAM",""
"a0l200000061FDvAAM","0012000000op6K8AAI","Birla SL Dynamic Bond Fund","a31200000001FIwAAM",""
"a0l200000061FDwAAM","0012000000op6K8AAI","ICICI Flexible (D)","a31200000001FIvAAM",""
"a0l200000061FDxAAM","0012000000op6K8AAI","Birla Frontline Equity","a31200000001FIuAAM",""
"a0l200000061FDyAAM","0012000000op6K8AAI","Birla Frontline Equity","a31200000001FIuAAM",""
"a0l200000061FDzAAM","0012000000op6K8AAI","HDFC Top 200","a31200000001FItAAM",""
"a0l200000061FE0AAM","0012000000op6K8AAI","HDFC Top 200","a31200000001FItAAM",""
"a0l200000061FE1AAM","0012000000op6K8AAI","Reliance Money Manager","a31200000001FIsAAM",""
"a0l200000061FE2AAM","0012000000op6K8AAI","ICICI Flexible Income Plan (D)","a31200000001FIrAAM",""
"a0l200000061FE3AAM","0012000000op6K8AAI","DSP Br Income Opportunities","a31200000001FIqAAM",""
"a0l200000061FE4AAM","0012000000op6K8AAI","DSP Equity","a31200000001FIpAAM",""
"a0l200000061FE5AAM","0012000000op6K8AAI","DSP Equity","a31200000001FIpAAM",""
"a0l200000061FE7AAM","0012000000op6K8AAI","L&T Equity Fund","a31200000001FIoAAM",""
"a0l200000061FE8AAM","0012000000op6K8AAI","Birla SL Dynamic Bond Fund","a31200000001FInAAM",""
"a0l200000061FE9AAM","0012000000op6K8AAI","IDFC Sterling Equity","a31200000001FImAAM",""
"a0l200000061FEAAA2","0012000000op6K8AAI","IDFC Sterling Equity","a31200000001FImAAM",""
"a0l200000061FEBAA2","0012000000op6K8AAI","IDFC Money Manager (D)","a31200000001FIlAAM",""
"a0l200000061FEEAA2","0012000000op6K8AAI","DSP Br Income Opportunities","a31200000001FIjAAM",""
"a0l200000061FEHAA2","0012000000op6K8AAI","IDFC Money Manager (D)","a31200000001FIhAAM",""
"a0l200000061FEIAA2","0012000000op6K8AAI","Reliance Money Manager","a31200000001FIgAAM",""
"a0l200000061FEJAA2","0012000000op6K8AAI","IDFC Premier Equity","a31200000001FIfAAM",""
"a0l200000061FEKAA2","0012000000op6K8AAI","IDFC Premier Equity","a31200000001FIfAAM",""
"a0l200000061FELAA2","0012000000op6K8AAI","ICICI Pru Regular Savings","a31200000001FIeAAM",""
"a0l200000061FEMAA2","0012000000op6K8AAI","ICICI Pru Regular Savings","a31200000001FIeAAM",""
"a0l200000061FcgAAE","0012000000rJcp2AAC","DSP Equity Fund - G [Folio:2782446/94]","a31200000001FaJAAU",""
"a0l200000061FchAAE","0012000000rJcp2AAC","DSP Equity Fund - G [Folio:2782446/94]","a31200000001FaJAAU",""
"a0l200000061FciAAE","0012000000rJcp2AAC","HDFC Top 200 - G [Folio:8581251/47]","a31200000001FaIAAU",""
"a0l200000061FcjAAE","0012000000rJcp2AAC","HDFC Top 200 - G [Folio:8581251/47]","a31200000001FaIAAU",""
"a0l200000061FckAAE","0012000000rJcp2AAC","BSL Dynamic Fund - G [Folio:1016034708]","a31200000001FaHAAU",""
"a0l200000061FclAAE","0012000000rJcp2AAC","BSL Dynamic Fund - G [Folio:1016034708]","a31200000001FaHAAU",""
"a0l200000061FcoAAE","0012000000rJcp2AAC","ICICI Focused Bluechip Reg - Gr","a31200000001FaEAAU",""
"a0l200000061FcqAAE","0012000000rJcp2AAC","ICICI Dynamic Fund G","a31200000001FaDAAU",""
"a0l200000061FWtAAM","0012000000xULzJAAW","Apollo Minich","a31200000000mCpAAI",""
"a0l200000061FWuAAM","0012000000xULzJAAW","Apollo Munich","a31200000000mCoAAI",""
"a0l200000061FWvAAM","0012000000xULzJAAW","Apollo Munich","a31200000000mCnAAI",""
"a0l200000061FWwAAM","0012000000xULzJAAW","Bajaj Allianz Premium Personal guard","a31200000000mCmAAI",""
"a0l200000061FWzAAM","0012000000xULzJAAW","Apollo Munich","a31200000000mCjAAI",""
"a0l200000061FX7AAM","0012000000xULzJAAW","Savings Account","a31200000000mCdAAI",""
"a0l200000061FWxAAM","0012000000xULzJAAW","Bajaj Allianz Premium Personal guard","a31200000000mClAAI",""
"a0l200000061FX9AAM","0012000000xULzJAAW","DSP Equity","a31200000000mCaAAI",""
"a0l200000061FXAAA2","0012000000xULzJAAW","Pramerica Equity","a31200000000mCZAAY",""
"a0l200000061FXBAA2","0012000000xULzJAAW","BSL Frontline Equity","a31200000000mCYAAY",""
"a0l200000061FXCAA2","0012000000xULzJAAW","Axis Triple Advantage","a31200000000mCXAAY",""
"a0l200000061FXDAA2","0012000000xULzJAAW","Pramerica Short Term Income","a31200000000mCWAAY",""
"a0l200000061FXFAA2","0012000000xULzJAAW","Pramerica Equity","a31200000000mCUAAY",""
"a0l200000061FXGAA2","0012000000xULzJAAW","DSP Equity","a31200000000mCTAAY",""
"a0l200000061FXHAA2","0012000000xULzJAAW","BSL Frontline Equity","a31200000000mCSAAY",""
"a0l200000061FXIAA2","0012000000xULzJAAW","Axis Triple Advantage","a31200000000mCRAAY",""
"a0l200000061FXJAA2","0012000000xULzJAAW","Pramerica Short Term Income","a31200000000mCQAAY",""
"a0l200000061KwmAAE","0012000000yLQXgAAO","Icici Dynamic Plan Cumulative","a31200000000qGGAAY",""
"a0l200000061KwoAAE","0012000000yLQXgAAO","Kotak 50 Equity Scheme Growth","a31200000000qGCAAY",""
"a0l200000061MbGAAU","00120000011D6k1AAC","IDFC Money Manager Treasury A","a31200000001PROAA2",""
"a0l200000061MbHAAU","00120000011D6k1AAC","BSL Savings Fund","a31200000001PRNAA2",""
"a0lw0000008rq1tAAA","00120000011EPi0AAG","IDFC Money Manager Treasury A","a31200000001UyJAAU",""
"a0lw0000008rq1uAAA","00120000011EPi0AAG","BSL Savings","a31200000001UyIAAU",""
"a0lw0000008rq22AAA","00120000011EPi0AAG","IDFC Money Manager Treasury A","a31200000001Uy9AAE",""
"a0lw0000008rq23AAA","00120000011EPi0AAG","BSL Savings","a31200000001Uy8AAE",""
